symbol,news_rows
GILD,4461
KR,4341
FCAU,4334
EWJ,4066
AVGO,4031
YHOO,3882
MYL,3858
MDT,3852
DISH,3670
FDX,3670
HD,3590
TWX,3590
WDC,3554
JWN,3469
PANW,3432
JD,3394
FOXA,3363
OXY,3338
REGN,3338
GXC,3289
EA,3278
FCX,3278
KSS,3274
SLB,3235
AXP,3185
CSX,3119
TXN,3110
STZ,3104
PGJ,3078
ALK,3059
CI,3049
YINN,3043
LEN,3040
NFLX,3028
PBR,3027
PCG,3026
BLK,3020
BUD,2955
LLY,2945
VMW,2942
RAD,2919
TSN,2917
HAL,2908
GME,2887
JPM,2883
BABA,2863
FXP,2863
TJX,2822
XPP,2808
MU,2782
SAVE,2769
GRPN,2757
WFM,2742
NVDA,2737
BBRY,2726
CHN,2720
ULTA,2695
HUM,2694
RSP,2680
SPWR,2679
DOW,2669
ERO,2668
QCOM,2663
SLV,2652
VZ,2648
EBAY,2631
KEY,2603
LOW,2590
VNQ,2571
WBA,2569
DPZ,2564
VGK,2562
ANTM,2558
TIF,2544
MRK,2542
UGAZ,2542
JCP,2525
AEO,2515
PXD,2504
D,2498
JNJ,2485
EWU,2480
INTC,2475
DGAZ,2472
BHI,2466
DUK,2457
MAR,2456
ABX,2452
EWC,2438
GPS,2431
GREK,2400
XLU,2400
VWO,2387
CMG,2378
LUV,2375
AET,2368
GRUB,2365
NSC,2358
ILMN,2323
CNC,2321
HYG,2315
GPRO,2312
FL,2310
WFC,2301
ENDP,2289
EW,2282
AKS,2277
DZZ,2275
FCA,2275
XLK,2274
ENB,2263
WMB,2263
DAL,2253
GMCR,2243
OHI,2242
GWPH,2239
MCD,2236
WDAY,2235
TSM,2229
TWC,2229
TRIP,2225
HTZ,2215
CCL,2207
NTAP,2206
SHPG,2201
CSIQ,2190
MNST,2190
AGN,2186
DRR,2185
SYMC,2182
M,2174
CLR,2170
XLE,2170
TOT,2168
COF,2161
XLY,2156
P,2155
PRGO,2138
MRO,2137
BAX,2134
BSX,2133
ANF,2129
XRT,2124
VTR,2122
SCTY,2121
CAG,2103
HAS,2101
AMTD,2095
KMB,2088
DLTR,2086
EOG,2083
SYK,2080
WEN,2080
TRP,2077
EWW,2058
LL,2053
CP,2052
RRC,2047
SO,2045
TRV,2044
JAZZ,2043
KMI,2041
NEE,2038
KO,2036
SPG,2027
DD,2020
SHLD,2019
FEYE,2016
WLL,2009
MON,2008
DHI,2002
GLD,1999
ORCL,1999
APC,1996
EPV,1996
EWI,1996
HOG,1993
SSYS,1991
INCY,1979
JNK,1976
ESRX,1975
NTES,1974
NE,1973
GOLD,1970
BX,1969
LYB,1966
MET,1958
YELP,1950
HMC,1949
CAT,1942
EWA,1940
CLX,1939
MRVL,1935
AGG,1933
ZUMZ,1929
AZO,1927
BIDU,1927
NOW,1927
JFC,1923
BDX,1921
INDA,1908
RL,1897
NDAQ,1896
XLV,1895
MDLZ,1892
CL,1884
EL,1882
BMY,1880
COH,1880
TSLA,1875
BURL,1866
CMCSA,1865
PPG,1865
XLP,1858
ED,1853
ADI,1846
MT,1846
KORS,1840
SJM,1840
WSM,1839
STLD,1832
SYY,1832
NVS,1830
HP,1824
PFE,1821
BAC,1811
DNKN,1810
OSTK,1807
TMO,1803
CYBR,1800
KKR,1800
VRTX,1796
BWLD,1794
UGL,1794
AA,1791
TAP,1789
JKS,1785
DLR,1784
DFS,1780
SIRI,1779
HA,1776
XBI,1775
GBB,1771
CTSH,1762
ACT,1760
CME,1756
RSX,1756
GOOGL,1754
AAP,1752
MS,1752
BMRN,1751
GCC,1748
MCHP,1746
JACK,1745
GG,1741
DHR,1740
KSU,1740
SPLS,1740
BIIB,1736
ALGN,1729
INO,1728
NBL,1727
HCP,1723
CLF,1713
TZA,1712
BEN,1706
QRVO,1703
ICE,1702
CRUS,1697
PRU,1697
PVH,1696
URBN,1695
HZNP,1692
CTL,1691
MYGN,1690
RHT,1688
TROW,1682
CMA,1681
CNI,1681
YCS,1680
NEM,1676
YANG,1676
PGR,1670
W,1670
CF,1668
MKC,1668
MNK,1665
AFL,1663
INTU,1663
ODP,1663
AZN,1660
ANET,1659
HCA,1657
DXJ,1656
GDXJ,1650
ORLY,1644
DDD,1641
ZNGA,1640
FTR,1638
CIEN,1632
PAA,1632
APO,1624
QSR,1619
DKS,1618
CLVS,1616
SKX,1616
PSEC,1610
WHR,1608
LCI,1607
OPK,1606
XOP,1606
ITW,1604
MOS,1601
VIPS,1600
DISCA,1596
BIG,1595
BBT,1588
FAST,1587
GRMN,1585
MCK,1583
FSLR,1576
BLUE,1573
FXA,1573
HSBC,1572
CS,1570
USB,1562
SIG,1558
KGC,1556
ECA,1554
SU,1554
ESV,1549
DOV,1544
MMP,1543
PLAY,1542
YUM,1541
GIII,1539
HBI,1538
NOV,1536
SWN,1532
CXO,1531
KLAC,1529
PZZA,1529
DECK,1528
BTU,1527
LMT,1527
ATVI,1520
NVAX,1520
JCI,1519
CSCO,1518
SHW,1518
HAIN,1517
CY,1515
EQIX,1513
PEP,1512
FOSL,1511
MSI,1511
NWL,1511
GPN,1506
HLT,1505
MAIN,1504
ICPT,1498
RF,1498
EFA,1493
ADBE,1492
EPI,1491
CRM,1488
UDN,1485
ALB,1481
MNKD,1480
FXF,1479
OKE,1479
ADP,1478
MPC,1478
VEEV,1475
IVZ,1470
MOH,1467
BKS,1466
PAYC,1466
VIA,1464
WPC,1454
CTXS,1452
MAC,1451
WTW,1450
SIVR,1449
ZTS,1449
AMT,1446
A,1445
BHP,1436
GWW,1435
STI,1435
K,1434
EAT,1431
PAYX,1426
CCI,1423
PSA,1420
ETP,1418
HSY,1413
SINA,1408
DBC,1407
SKYW,1407
BRCM,1403
PLUG,1403
TIP,1401
ARCC,1400
DRYS,1397
IP,1397
JEC,1396
ALKS,1391
SWHC,1391
INDY,1390
INFY,1384
NAV,1382
MA,1381
PSLV,1381
TD,1380
TSCO,1374
CVS,1372
ALGT,1371
FMC,1369
LM,1366
XLF,1366
SGEN,1362
MLNX,1359
SFM,1359
TTM,1359
IT,1358
ARNA,1357
MDCO,1357
PNRA,1355
STO,1352
FISV,1349
LNKD,1345
FTNT,1342
TXT,1342
BKE,1341
DTV,1340
AKRX,1339
LGND,1336
ETN,1335
RBS,1333
MPEL,1330
SRE,1330
AOS,1328
E,1326
UNFI,1326
AU,1323
BND,1323
CNX,1322
MOMO,1322
FNSR,1319
H,1319
RGR,1319
AMP,1318
KIM,1318
GCI,1315
BTI,1314
PG,1312
SNY,1310
QIHU,1307
AUY,1305
ABB,1299
STM,1297
SRTY,1295
DE,1294
PIR,1294
PLCE,1293
ALL,1288
UBS,1287
OCN,1286
AN,1285
TM,1285
EQT,1284
IRBT,1284
WFT,1284
ARR,1283
OIH,1282
POT,1282
VSLR,1282
SWK,1280
LQD,1279
TERP,1279
DXCM,1278
OAS,1278
RRGB,1274
BAM,1273
RDS.A,1272
WM,1270
ETE,1265
FNV,1265
YNDX,1265
CORN,1264
CTAS,1260
DB,1260
MTB,1258
DF,1257
IBB,1257
FINL,1256
SGOL,1256
BYD,1255
FLR,1255
PKB,1255
NKTR,1252
EWP,1251
JBHT,1251
WCG,1250
CHL,1249
DGX,1249
SUNE,1249
WIN,1249
NVO,1247
CHK,1246
SLCA,1243
MCO,1242
SKT,1240
MGA,1238
DG,1237
PCLN,1237
DDS,1235
FLT,1235
NRZ,1234
DLPH,1229
KMX,1227
CYH,1226
DVA,1225
AG,1224
WU,1222
NOK,1221
CNQ,1220
VGIT,1212
ACN,1207
KBR,1207
UA,1206
GOOG,1204
JBLU,1204
GNC,1203
IR,1203
DEO,1199
AWK,1197
HFC,1197
GLUU,1194
ACOR,1190
JBL,1190
SPR,1188
LH,1187
OMC,1182
PH,1182
TEX,1182
WEC,1182
AGCO,1179
FE,1177
PENN,1176
DTE,1174
BMO,1173
BBBY,1172
DATA,1171
EFX,1170
INSY,1167
CPB,1166
QQQ,1166
BWA,1163
FIVE,1162
NWSA,1161
NLSN,1160
PE,1160
SM,1157
ERJ,1155
CMI,1154
ASNA,1153
FLO,1153
EMN,1152
RTH,1152
EMR,1151
MDVN,1150
HOLX,1149
PETS,1149
ROK,1149
DNR,1148
RMD,1148
TSL,1148
AIG,1147
FTI,1147
FRO,1146
GPC,1146
CROX,1145
GAZ,1145
SMH,1145
SVU,1144
AAN,1143
HUN,1143
PPL,1140
ASHR,1139
MXIM,1139
NUVA,1139
OLED,1138
THC,1138
HOT,1137
JUNO,1137
LBTYA,1137
AGQ,1135
X,1135
AES,1133
CHD,1132
PPC,1131
ATHN,1130
DRI,1127
WPX,1127
AR,1125
IMAX,1125
LGF,1125
SONC,1125
EPR,1121
FXY,1121
CNP,1119
BNS,1118
MASI,1118
XON,1118
LDOS,1116
BK,1114
FIS,1114
COL,1112
RYAAY,1112
VIS,1112
NNN,1110
ITB,1109
NBR,1109
SYNA,1108
XPO,1107
KBH,1104
LINE,1104
CMTL,1103
VVUS,1103
YY,1103
LAD,1102
HRS,1100
AVB,1099
HMNY,1099
RIG,1099
SBGI,1098
AJG,1097
IBM,1092
PII,1092
SPLK,1092
TASR,1090
XLB,1090
FDO,1087
VCR,1087
ZION,1087
ROP,1086
STJ,1085
KRE,1084
NVR,1083
FCEL,1082
EWH,1081
NYT,1081
JASO,1080
RCII,1080
MAS,1079
LLL,1075
PPLT,1075
ZSL,1074
STAG,1073
VDE,1072
ATHM,1070
AMC,1068
CPA,1066
TRN,1065
AXL,1064
TEVA,1064
PTEN,1063
ALSN,1060
ETR,1058
GBX,1056
CVE,1054
HBAN,1052
SNDK,1052
GOL,1051
IMMU,1051
RDC,1051
SVXY,1051
UTHR,1051
ARMH,1049
IBKR,1049
SIX,1049
TSRO,1049
MO,1048
STMP,1048
CEO,1047
CFG,1045
VDC,1043
ADSK,1042
CPE,1042
VMC,1039
CACI,1036
MTH,1036
TCO,1036
ASML,1035
JOY,1034
NCLH,1031
LAZ,1029
CRC,1028
PFPT,1028
RH,1028
FRED,1027
STX,1027
TPX,1027
WPZ,1025
GSK,1022
C,1021
IPG,1019
WGO,1019
FDS,1018
FRAN,1018
DK,1017
MDP,1016
TXRH,1016
GPOR,1015
BRO,1014
TVIX,1013
PEG,1012
KITE,1010
AYI,1009
DGLY,1009
XEL,1009
IJR,1006
LNC,1006
RGLD,1006
REM,1004
TIVO,1004
INFN,1003
RAX,1002
SEE,1002
HEDJ,1001
CG,1000
CREE,999
ACHN,998
EZU,997
MBLY,997
COP,996
PAY,996
BG,995
KWEB,995
ERIC,991
COLM,990
SNPS,990
PTCT,988
ARIA,986
GDOT,986
VOD,986
JLL,985
POST,985
TSO,985
FOLD,984
MTDR,983
CHS,982
DIA,982
NUAN,982
CRZO,981
GNW,981
OSK,981
TEF,981
AEE,979
YGE,979
EWZ,977
NLNK,977
SLXP,977
XRX,977
DSX,974
AVAV,972
CAB,972
CINF,972
JJC,972
DY,971
SNX,971
SOL,971
IEP,970
MMC,970
OC,968
LAKE,966
BIP,965
EXR,963
GIS,963
VALE,960
ICF,959
MTN,959
AMAT,958
NXPI,958
WLK,958
TUP,957
EGO,956
AL,951
BITA,949
IFF,949
GGP,948
SGMO,947
FXB,946
WB,945
AGU,943
AMX,943
DIS,943
MMM,943
PWR,943
BAH,942
CYB,941
HIG,941
LVLT,941
AON,939
RCL,939
CMC,938
MTG,938
TRGP,938
ALXN,937
DIN,937
ARRY,936
CM,936
DAN,936
PMR,936
NTRS,934
ACAD,933
TU,933
DWTI,932
PTLA,932
SMG,930
GEO,929
BOOT,924
MTW,924
PAAS,924
SCVL,924
FCG,921
GFI,921
IGT,921
ALV,919
STWD,919
DVAX,918
GERN,918
DUST,917
GNTX,917
IDXX,917
UHS,917
TNXP,916
TWO,916
AME,915
ARWR,912
HUBS,911
AI,910
SN,910
IYE,903
PKG,902
JNPR,901
LOGM,900
MRCY,900
NAT,900
KTOS,899
SGMS,899
GLL,897
COO,896
MSG,896
KNDI,895
AB,893
SAFM,893
STOR,892
WAB,892
CAKE,891
EQM,891
HQY,891
VIG,891
AOL,890
HCN,890
IEO,889
MTOR,889
HSIC,888
PHG,888
BZH,887
BLL,885
COR,885
CVC,885
RCD,884
TGT,884
PNR,883
TEN,883
ESS,882
EWL,881
HL,879
MUB,878
SOHU,878
ATI,877
DIG,877
SFY,877
BIO,875
QEP,875
SIMO,873
IWM,872
RNG,872
ARO,871
DO,870
THS,870
ALLY,868
PCRX,868
NYMT,867
AVEO,866
TSS,866
FLIR,864
LYV,864
ORIG,864
AGIO,863
LEG,862
INGN,861
KATE,861
CFX,860
EXPE,860
XIV,860
MEET,859
NDP,859
QGEN,859
ESPR,858
GCO,858
KPTI,858
CMS,856
FOXF,856
VNO,856
ERY,855
BXP,854
EWY,854
HEAR,854
MHK,854
MPLX,854
EWG,852
FITB,850
LPX,850
CLDT,849
ERX,848
MAN,848
NBIX,848
ZIOP,846
MLM,845
NS,845
CCJ,844
ELY,844
AM,843
VGR,843
BID,841
SGYP,841
UAL,841
ITT,836
ARE,835
NCR,835
TAL,835
SFUN,833
MDC,832
CNK,831
VTI,831
WWAV,831
HALO,830
MPW,827
NXST,827
CSL,825
HOV,824
IJH,823
HEI,822
RLGY,821
SBUX,821
BR,820
EXEL,820
GGG,820
WYN,820
MARA,819
OMER,819
EDC,818
ETFC,816
MW,816
CR,815
AHT,813
DWA,813
RARE,813
ZAYO,813
NGL,812
GLRE,811
DBD,810
DRE,810
SBAC,810
SYT,810
ADXS,809
CPRT,809
XYL,809
HTGC,808
REG,808
ACRX,807
CXW,807
FXI,807
PFG,806
RCI,806
RSG,806
PAG,805
PDCO,805
SUN,805
MIC,804
SNP,804
KEYS,803
LOGI,803
LPLA,803
AVT,802
PXE,802
SBLK,801
LGCY,800
APOL,799
PDCE,799
SIVB,799
STNG,798
MDRX,797
RMBS,797
BPL,796
CYS,796
TUR,796
GD,795
VRA,795
AIZ,794
EBS,792
RLI,792
TRI,792
DHT,791
HK,791
MKTX,790
DQ,789
SFLY,789
WUBA,789
CYTK,787
NDSN,787
RHI,786
VRNT,786
PVG,785
SLW,785
IYR,784
NPTN,784
CHGG,782
EPAM,782
NI,782
PTR,782
VPU,782
TLYS,781
AGNC,780
AMAG,780
HCLP,780
ALU,779
LPI,779
O,779
FHN,778
PFF,778
WATT,777
MIDD,776
WPG,776
XEC,776
YRCW,776
NOC,775
HELE,774
VEA,774
NBG,773
CHH,772
GLNG,771
NOG,771
PEK,771
TEL,771
PBA,770
EV,769
ITUB,768
VNDA,767
GWRE,766
TGTX,765
HYT,764
ICON,763
MSCI,763
EUFN,762
VAC,762
BBW,761
NFX,761
PBF,761
HABT,760
PBI,760
RDY,760
ORI,759
SDLP,759
DX,758
HIIQ,757
ACHC,756
CLB,756
MTSI,755
EBIX,754
ENR,754
SNI,754
ABBV,753
ARRS,753
EEFT,753
QLYS,752
TREE,752
FXN,751
PBYI,751
VRSK,751
ACP,750
ARLP,750
CA,750
FRC,750
RIO,750
USDU,750
ADC,749
LNT,749
HXL,747
TECD,747
AGO,746
KBE,746
VSAT,746
CUZ,744
DBA,744
LZB,744
OCLR,744
AIF,743
ATW,743
EWQ,743
IPXL,743
SON,743
BOBE,742
MFC,742
IRWD,741
FANG,740
GEVO,740
TNK,740
TOL,740
ZGNX,740
OREX,739
IMPV,738
AXAS,737
HAE,737
SPB,737
WTR,737
ALTR,736
EHTH,736
RJF,736
COUP,735
IIVI,735
EEP,734
TAN,734
EEM,733
EEV,732
FBHS,731
XLRN,731
B,730
GWR,730
OLN,730
WDR,730
WWW,730
EPZM,729
UDR,729
AXTA,728
MAA,727
VLO,727
WEX,727
ABR,726
WBC,725
DVN,724
TTPH,724
AGEN,723
IDTI,723
LXRX,723
TXMD,723
FLEX,721
BRCD,718
DBE,718
FLS,717
JAKK,717
PGNX,717
QURE,717
AVY,716
BGFV,716
EVR,716
BECN,715
DRV,715
JO,715
PALL,715
DDR,714
TMHC,714
AXS,713
WMC,713
HRC,712
ARMK,711
CALM,711
MD,711
PHT,710
PODD,710
AVP,709
NMM,709
TREX,709
PEI,708
PSXP,708
TAO,708
AFG,706
FNF,706
PF,706
CPRX,705
DSU,705
EMB,705
FAF,704
LII,704
LRCX,703
MCC,703
ANGL,702
ASA,702
BDSI,702
LOPE,702
BRX,700
AIR,699
JCOM,699
EROS,697
GNRC,697
SLX,697
AWI,696
CRTO,696
HTHT,696
RE,696
SQM,696
TTEK,696
LMNX,694
GPI,693
KKD,693
KMT,693
MFA,693
QTS,693
CPG,692
EME,692
MKL,692
WOR,692
CNHI,691
CONN,691
RPM,691
SSW,690
PAGP,689
TFX,689
FN,688
ITRI,688
SJR,688
GPRE,687
APH,686
KIO,686
CCE,685
MNTA,685
CVRR,684
GIL,684
QIWI,684
GTLS,683
ICUI,683
IPGP,683
SHOO,683
TRCO,683
ARDC,682
GAIN,681
OI,681
TPRE,681
CHIQ,680
IVH,680
NIO,679
TTOO,678
KEM,676
WERN,675
CRK,674
DENN,674
FSS,674
UEPS,674
WIX,674
BC,673
BRKR,672
RDUS,672
AWR,671
BKH,671
TLT,671
EXK,670
THRM,669
ACM,668
INVN,668
ADMS,667
ARW,667
SLM,667
MOV,666
WMGI,666
DEPO,665
SF,665
DPW,663
NSP,663
GLOG,662
GMLP,662
PEGI,662
CHE,661
IYF,661
KIRK,661
SSI,661
CBG,660
PBCT,660
PKI,660
PRGS,660
VOYA,660
AVA,659
KERX,659
MPWR,659
S,659
ZBRA,659
ATU,658
AREX,657
FOX,657
WCN,657
ENPH,656
IEX,656
ALR,655
ISIS,655
SMRT,655
TRMB,655
VAL,655
ZEN,655
ALLE,654
CRL,653
SODA,653
CPST,652
LOCO,652
ADTN,651
FSC,651
MKSI,651
RDHL,651
ASH,650
VSH,649
ADS,648
VSI,648
BBL,647
BLDR,647
CATO,647
MLHR,647
SNCR,647
VSTM,647
AZPN,646
EMES,646
FCN,646
LAMR,646
LNN,646
NRG,646
OMI,646
VYM,646
CLMT,645
MSM,644
CATM,643
CNO,643
CSC,643
TKMR,643
TRNO,643
CERS,642
AKAO,641
CNS,641
DKL,641
SNH,641
MORT,641
SNV,640
FUN,639
GDP,639
HMY,639
SUI,638
CNA,637
NAVI,637
TI,637
L,636
SXC,635
ERUS,633
OCUL,633
UFS,633
WYNN,633
BCR,632
PRIM,632
HDS,630
NM,630
SCMP,630
STRA,630
SRCL,628
CFR,627
MMSI,627
SAGE,627
FIVN,626
OZRK,626
RNR,626
TCP,626
XONE,626
CHKP,625
TROV,625
EXP,624
G,624
GALT,624
GHDX,624
LMCA,622
MGNX,622
MJN,622
CANF,621
F,621
HAR,621
IVE,621
JNUG,621
MIK,621
PCYC,621
VNET,621
SHLX,620
TPH,620
BT,619
KFY,619
SRC,619
WPRT,619
HDB,618
TDC,618
ARI,617
GGM,617
PACB,617
SFL,617
ACTG,616
ARQL,616
AZZ,616
CVA,616
HTA,616
NOAH,616
BCC,615
CMP,615
COV,615
SWY,615
LADR,614
LECO,614
FAS,612
MBB,612
MUSA,612
CW,611
ENLC,611
CX,610
ELLI,610
GPK,610
BCE,609
ENS,609
FGP,608
IPAR,608
VLP,608
BMS,607
ESNT,607
PHM,607
BTE,606
DPLO,606
GOGO,606
IVR,606
MXL,606
STAY,606
CBM,605
RBC,605
XL,605
BOFI,604
PACD,604
TWOU,603
EGRX,602
INFI,602
SCG,602
TNDM,602
HSP,601
TRXC,601
KOS,600
LTC,600
OXM,600
REGI,600
RSH,600
TDS,600
MACK,599
RT,599
TFM,599
BABY,598
RMTI,598
BF.B,597
PCP,597
PNC,597
ADT,596
EC,596
OTEX,596
BGCP,595
EGHT,595
NVRO,595
LXP,594
WDFC,594
CCK,593
RGA,593
VRSN,593
TDY,592
WNR,592
WRB,592
GVA,591
OSUR,591
PNK,591
ECYT,590
EGN,590
RUBI,590
CLD,589
XOM,589
CBB,588
CNMD,588
FPRX,588
MANH,588
FICO,587
FORM,587
ALE,586
BAS,586
NSM,586
CHU,585
PERY,585
DCIX,584
Y,584
BPOP,583
NHI,583
SAEX,583
SCHD,583
WAIR,583
WSR,583
ZAGG,583
ICLR,582
ERF,581
GF,581
MRNS,580
PRI,580
DCI,579
PFLT,579
BEAT,578
CBSH,578
COMM,578
MDU,578
POOL,578
BBD,577
IART,577
MDXG,577
NVEE,577
DRQ,576
KOP,576
NTGR,576
SEMG,576
USL,576
HPQ,575
BLCM,574
MBUU,574
RP,574
ADM,573
GOV,573
MSCC,573
CPT,572
PSTI,572
VAR,572
BNO,571
BRZU,570
DLB,570
EVHC,570
ONVO,569
ZFGN,569
AEL,568
AVID,568
GEF,568
MTGE,568
MNRO,567
SCHN,567
TROX,567
TS,567
UGI,567
HSC,566
KAR,566
CONE,565
EXTR,565
GBDC,565
VTV,565
RES,564
CWT,563
PLT,563
SGY,563
SRDX,563
WHLR,563
HEP,562
TKR,562
TGP,561
ATRA,560
HT,560
ARES,559
AMID,558
BERY,558
HASI,558
ITCI,558
ROCK,557
SB,557
TOO,557
SPWH,556
NDLS,555
FAZ,554
PNNT,554
ZOES,554
ACCO,553
CCOI,553
CHMI,553
CMRE,553
KS,553
PNM,553
RSPP,553
SSP,553
SWIR,553
CDW,552
HIW,552
IBN,552
NNA,552
WAT,552
ELGX,551
RIGL,551
XOMA,551
BBVA,550
CUB,550
MHO,550
TNP,550
UPL,550
WBMD,550
CCXI,549
HLX,549
NG,549
SSL,549
TOPS,549
LJPC,548
ATHX,547
DOX,547
PDLI,547
SMLP,546
TPC,546
GEL,545
NEWT,545
CAM,544
DOC,544
GSAT,544
OSIS,544
PRTK,544
RUTH,544
UFPI,544
MOO,543
MCS,542
NLS,542
BKU,541
IDRA,541
VA,541
IYG,540
LMAT,540
CGIX,539
NOBL,539
OKS,539
AIT,538
SUP,538
EEME,538
CLGX,537
DIOD,537
FIZZ,537
MCY,537
MX,537
REN,537
SBNY,537
SLF,537
USCR,537
ACC,536
BRC,536
CLI,536
GCAP,536
PMT,536
TAHO,536
TX,536
GMED,535
MFRM,535
TYC,535
TYL,535
BCO,534
DV,534
GIMO,534
BGG,533
BV,533
CBT,533
INGR,533
LLNW,533
MTRX,533
OMCL,533
JJSF,532
PCTY,532
SANM,532
ABC,531
ACE,531
AFFX,531
MRC,531
WD,531
MITT,530
ARAY,529
CDNS,529
LPT,529
APAM,528
CVTI,528
ANH,527
ENBL,527
MDSO,527
OXLC,527
SALT,527
MANT,526
ONTX,526
STE,526
ASTE,525
DLNG,525
ROL,525
CODI,524
FMS,524
FTK,523
LPSN,523
PRLB,523
ADMP,522
ASGN,522
NEPT,522
VMI,522
WNC,522
AUPH,521
CLSN,520
ESI,520
ETH,520
RRD,520
RUSS,520
SIL,520
WAL,520
WSO,520
WWD,520
AYR,519
BEP,519
CDNA,519
HEES,519
MNOV,519
SEIC,519
TAST,519
NEP,518
WST,518
AGRX,517
CTLT,517
DBVT,517
PEIX,517
USG,517
VNOM,517
EGL,516
NGD,516
BZQ,515
CEMP,515
FGEN,515
GNCA,515
KALU,515
LPNT,515
PCH,515
RLJ,515
RWLK,515
VJET,515
AEZS,514
BCOR,514
PRAH,514
RGEN,514
LHCG,513
DVY,512
FOE,512
NVCN,512
IOSP,511
JNS,511
TV,511
UCTT,511
HUBG,510
RUSL,510
SUPN,510
ATRS,509
CVLT,509
IGC,509
NFG,509
FUL,508
R,508
TW,508
LTM,507
TIME,507
AT,506
MMLP,506
AMH,505
CSII,505
ELS,505
POL,505
CBK,504
ATML,503
CALA,503
CCO,503
CQP,503
DRNA,503
IWB,503
NLY,503
PETM,503
AWAY,502
DRRX,502
KMPR,502
LNCO,502
RBA,502
REXR,502
TBPH,502
AHL,501
BLRX,501
ENSG,501
TTC,501
CHTR,500
SLGN,500
CBAY,499
COT,499
HTBX,499
JDST,499
LPL,499
OPTT,499
SAIA,499
ST,499
TSEM,499
BAK,498
IBP,498
OIS,498
MTD,497
CLNY,496
HPT,496
RVNC,496
TDW,496
ULTI,496
VIVO,496
FBZ,495
MGLN,495
RESI,495
CYOU,494
EGP,494
IYK,494
NWS,494
PERI,494
PETX,494
PGTI,494
STON,494
TMUS,494
COHR,493
EWBC,493
MBT,493
TMK,493
CLRB,492
CPTA,492
CSOD,492
KOL,492
SNN,492
AAL,491
AXE,491
GIB,491
REV,490
ROSE,490
MEI,489
WBS,489
CPN,488
PES,488
PB,487
PKX,487
SWI,487
CTWS,486
IACI,486
ARGT,484
BNFT,484
RTIX,484
WCC,484
IRDM,483
OGE,483
BRKS,482
GLBS,482
GLTR,482
NYCB,482
EGLE,481
ENTG,481
MATX,481
VHT,481
CEQP,480
EVER,480
LEDS,480
PTX,480
UL,480
KMG,478
XNET,478
CMCM,477
IYC,477
KEX,477
GPT,476
IOC,476
RICE,476
TNC,476
JBT,475
XXII,475
BLOX,474
PDS,474
VET,474
VNTV,474
AAPL,473
BAL,473
FXO,473
IDA,473
RHP,473
TCPC,473
CWEI,472
NCMI,472
DAR,471
HURN,471
KODK,471
CHA,470
CIR,470
CRAY,470
HTH,470
TCK,470
CAE,469
CNSL,469
HCC,469
HCI,469
HMSY,469
BOKF,468
CVGW,468
RAVN,468
FLY,467
LLTC,467
WRLD,467
LSCC,466
MMS,466
NICE,466
SNSS,466
THOR,466
VRS,466
ARDX,465
BPTH,465
FXCM,465
INN,465
NJR,465
PATK,465
COW,464
NGG,464
CMD,463
TCRD,463
ARCB,462
ECC,462
ENH,462
GLAD,462
IAG,462
KOOL,462
NEOG,462
PRAA,462
SEM,462
SPTN,462
TSLX,462
UPLD,462
ACGL,461
BBG,461
BDC,461
CECE,461
CSGP,460
IM,460
PBH,460
SGG,460
CORE,459
CYTX,459
KND,459
OAK,459
BXS,458
HDP,458
BONT,457
LPCN,457
TLP,457
WPP,457
NURO,456
RAI,456
VBLT,456
AGTC,455
DNB,455
IWD,455
MTUM,455
TRQ,455
CYBX,454
FDN,454
GLOP,454
LAND,453
SCHH,453
SHO,453
YOKU,453
AAOI,452
HVT,452
INDL,452
NPO,452
TRUE,452
BMI,451
CPK,451
DFJ,451
FSL,451
GALE,451
KYN,451
FIX,450
ORAN,450
RENN,450
SID,450
AFMD,449
AXGN,449
PTC,449
ASB,448
ENT,448
GLP,448
HCSG,448
HRZN,448
REPH,448
ACAS,447
FLWS,447
FCS,446
IMO,446
KBWB,446
ORN,446
RJET,445
TCAP,445
VCEL,445
CVM,444
HHC,444
MNGA,444
MWA,444
NSPR,444
RFP,444
VHC,444
WLH,444
WTFC,444
DSM,443
EGAN,443
QLIK,443
GSC,442
MVIS,442
RRTS,441
AIMC,440
HAWK,440
MINI,440
PBPB,440
SCCO,440
KRG,439
USAT,439
ASPS,438
FSM,438
INXX,438
NERV,438
SAM,438
FXD,437
RDN,437
SABR,437
SEAC,437
SWX,437
WLT,437
ACIW,436
BFAM,436
HE,436
PSO,436
SRNE,436
BMA,435
KEG,435
NEWM,435
AEGN,434
CTRE,434
CUK,434
CYTR,434
ECOM,434
WIT,434
BWP,433
CEL,433
FB,433
MEIP,433
VLRS,433
WAC,433
MCF,432
NRF,432
ALG,431
HZO,431
LMNR,431
CTRL,430
HRTX,430
POR,430
WBAI,430
CCC,429
DFRG,429
INAP,429
LFUS,429
OWW,429
SCSS,429
HCHC,428
HF,428
ISLE,428
OPHT,428
IBIO,427
PLTM,427
TECH,427
VRNS,427
AGA,426
BEBE,426
CEVA,426
EFII,426
HLIT,426
LSTR,426
MSEX,426
STML,426
CRAI,425
EFC,425
FET,425
RCKY,425
SNR,425
TITN,425
DAG,425
AIV,424
BIOS,424
CRMT,424
DCT,424
ENTA,424
HPP,424
LXK,424
PBY,424
CAJ,423
PCY,423
PJC,423
ATSG,422
BREW,422
CBPO,422
EGLT,422
FR,422
GLOB,422
PLOW,422
SQBG,422
TICC,422
ANTH,421
DFT,421
NMIH,421
CPS,420
TA,420
VIV,420
ACST,419
CRR,419
ENVA,419
GGB,419
KAI,419
MRCC,419
JONE,418
MHR,418
MNR,417
SCO,417
ZEUS,417
SJW,416
FLXN,415
GLMD,415
GNMK,415
RICK,415
SKUL,415
ATEC,414
RVLT,414
SYNT,414
TEP,414
XRS,414
GORO,413
HOMB,413
IO,412
QUAD,412
ATK,411
HACK,411
OMED,411
BRF,410
ICL,410
ATRO,409
FRSH,409
ITA,409
OFC,409
QUNR,408
WIFI,408
ARCO,407
KW,407
PBJ,407
SLP,407
WLDN,407
BSBR,406
RENT,406
SCHL,406
ISCA,405
NSTG,405
PLX,405
XES,405
AMJ,404
DMND,404
DRD,404
FSTR,404
CEMI,403
ROVI,403
THG,403
CLW,402
CRCM,402
ENZ,402
EYES,402
FCSC,402
NNVC,402
STRL,402
AKR,401
LRN,401
NGVC,401
NSIT,401
RGSE,401
SCYX,401
TNET,401
AXTI,400
CIE,400
CYCC,400
NBY,400
NMBL,400
PACW,400
PTIE,400
ROLL,400
RST,400
SIR,400
UNH,400
VB,400
ADMA,399
CCMP,399
CORR,399
KBIO,399
BIOC,398
FIG,398
HOS,398
IRET,398
MSA,398
EDR,397
GRFS,397
MARK,397
PNFP,397
ROG,397
LIVE,396
SMED,396
CAMP,395
DM,395
ERII,395
FOMX,395
ATRC,394
CRNT,394
ECPG,394
HBM,394
KCAP,394
SERV,394
SIEN,394
XLI,394
BOH,393
MEG,393
MGPI,393
NCI,393
NXP,393
SPAR,393
TUES,393
ECOL,392
ILF,392
LBTYK,392
MDCA,392
MTRN,392
NOA,392
STKL,392
ETM,391
PLAB,391
VRTS,391
EGY,390
FSIC,390
GTE,390
IRT,390
PLXS,390
TOWR,390
VIP,390
FRPT,389
ANW,388
ASX,388
RMAX,388
UMPQ,388
NAVB,387
EARN,386
PINC,386
PRE,386
APP,385
CALX,385
GSL,385
UVE,385
GTT,384
HNT,384
PRQR,384
PRXL,384
SHIP,384
TNAV,384
VOXX,384
CRIS,383
EUO,383
ICFI,383
MPAA,383
MPO,383
SLRC,383
SSD,383
AEG,382
CAPL,382
DCO,382
NWE,382
OGS,382
PRFT,382
THRX,382
ESTE,381
HNR,381
RSO,381
SC,381
SMP,381
UVV,381
CBLI,380
HERO,380
ITG,380
NWN,380
ESL,379
IDU,379
KMDA,379
AKER,378
ALDW,378
COPX,378
MMYT,378
MOD,378
MXWL,378
RAIL,378
SCHB,378
TTMI,378
JAH,377
MITL,377
VXX,377
ATEN,376
AWH,376
BRG,376
EIGI,376
GENE,376
IMKTA,376
SHLO,376
SSRI,376
XCO,376
DAC,375
MG,375
TECL,375
AIN,374
ASUR,374
BBSI,374
CPSI,374
KRC,374
RPAI,374
SJI,374
UUUU,374
AER,373
ESEA,373
FATE,373
NEA,373
VBIV,373
AAC,372
CIG,372
EZPW,372
FNJN,372
UAN,372
ALIM,371
FPI,371
JOUT,371
NRP,371
QSII,371
RVBD,371
BSFT,370
EDAP,370
FDP,370
JMEI,370
ONB,370
SBGL,370
TGE,370
USM,370
UTI,370
VRTU,370
VVC,370
APTO,369
FNB,369
GHL,369
KELYA,369
PAHC,369
VRNG,369
AMRC,368
FBC,368
GDX,368
LXFR,368
STL,368
CNTY,367
HNI,367
PEJ,367
REED,367
TRIL,367
USAG,367
XSD,367
ABTL,366
AVH,366
AXDX,366
BPI,366
CBZ,366
HSII,366
IMOS,366
SPKE,366
WILN,366
ACXM,365
ALJ,365
COHU,365
DAKT,365
GHM,365
TGH,365
CRS,364
HOLI,364
IBKC,364
BWEN,363
NR,363
AMBC,362
GSS,362
MERC,362
OUTR,362
PLKI,362
RTRX,362
SOHO,362
VUG,362
LANC,361
RKUS,361
RLGT,361
TBIO,361
TPVG,361
WR,361
CRY,360
DLX,360
LE,360
ASC,359
CHSP,359
HALL,359
IPCI,359
CLC,358
ISIL,358
NANO,358
TRNX,358
AMPE,357
BRFS,357
FELE,357
HEB,357
MDY,357
XENE,357
ALLT,356
FI,356
KEYW,356
KNL,356
NGHC,356
POM,356
POWI,356
RBL,356
RDNT,356
REXX,356
WAGE,356
AHH,355
AUXL,355
AVD,355
ESLT,355
NIB,355
STAA,355
BTX,354
HIL,354
HMLP,354
JMP,354
LXU,354
QTNT,354
RESN,354
WNS,354
BANC,353
CBST,353
CDR,353
GLYC,353
LFC,353
RDWR,353
SR,353
CVGI,352
DST,352
ENLK,352
MBII,352
OVTI,352
PCTI,352
PPHM,352
PRMW,352
TRS,352
ALOG,351
APOG,351
CUR,351
EE,351
ETRM,351
EZA,351
FCFS,351
MC,351
TTS,351
VCRA,351
BLIN,350
EWM,350
NATI,350
OTTR,350
BKCC,349
DANG,349
DEST,349
FMI,349
TKC,349
AEM,348
EPE,348
TAC,348
FSTA,348
EU,347
RYT,347
SFS,347
XTN,347
BGH,346
PAH,346
INP,345
MCP,345
NMR,345
OTIC,345
SCC,345
SIGI,345
SPCB,345
TCS,345
SBV,345
GST,344
ROIC,344
AFB,343
BCOV,343
INVE,343
MSTR,343
NVG,343
SATS,343
AVX,342
CPL,342
CZZ,342
EVEP,342
MORN,342
PBFX,342
VTL,342
SA,341
CLNE,340
ISBC,340
OESX,340
ADHD,339
ASYS,339
FIBK,339
HGG,339
WGL,339
BANR,338
BCLI,338
CKEC,338
EGBN,338
LNDC,338
LTS,338
MENT,338
MNI,338
XME,338
ZIXI,338
CAMT,337
HLS,337
PFSI,337
RECN,337
TSU,337
VC,337
ACET,336
FENG,336
MWE,336
QUIK,336
SUNS,336
DRWI,335
FULT,335
HOFT,335
KNOP,335
KWR,335
NYLD,335
ONCY,335
PLCM,335
EVOK,334
FBP,334
HIVE,334
KOF,334
MHFI,334
OSIR,334
UNXL,334
VLY,334
CDXS,333
EMD,333
EXLS,333
FDUS,333
GRC,333
KONA,333
XOOM,333
ADES,332
BHE,332
CMCO,332
AFH,331
CSLT,331
EBIO,331
IEZ,331
AHP,330
CAAS,330
LEJU,330
NAK,330
PFNX,330
EGOV,329
IVC,329
LPG,329
MODN,329
OFIX,329
OZM,329
SYNC,329
WGP,329
CO,328
GTIM,328
NAD,328
RPRX,328
RPTP,328
WTS,328
ZU,328
FNHC,327
PT,327
RTEC,327
SIGM,327
SPH,327
WAFD,327
FXG,326
GAS,326
GTS,326
ITC,326
NEO,326
VG,326
FMX,325
GLT,325
IAT,325
INCR,325
RGS,325
CALD,324
FFG,324
SCHF,324
SPEX,324
CRMD,323
FBT,323
IDT,323
PARR,323
USD,323
UWTI,322
CHKE,321
CWCO,321
LEO,321
NZF,321
PSUN,321
SKM,321
AKAM,320
AMCX,320
ARTX,320
GLF,320
URI,320
AKG,319
ATTU,319
DNOW,319
EXFO,319
OHRP,319
TOUR,319
AFAM,318
BJK,318
III,318
RUSHA,318
UEIC,318
IMDZ,317
CIDM,316
FDML,316
FTD,316
IRMD,316
TEDU,316
OEC,315
FOR,314
GBCI,314
OMAB,314
RXII,314
SOXL,314
ACH,313
FMN,313
PHK,313
WBK,313
XENT,313
HNP,312
KIN,312
NSR,312
PFBC,312
SILC,312
SXCP,312
USAK,312
AHGP,311
BP,311
AUDC,310
GFF,310
HCKT,310
NETE,310
OTIV,310
RM,310
TYG,310
VRTV,310
ABEV,309
ATNM,309
DNN,309
HNRG,309
LAYN,309
MRTN,309
PTN,309
WLB,309
BSET,308
BTG,308
CCS,308
HSTM,308
PCMI,308
YUMA,308
ACAT,307
CRH,307
FMBI,307
HSKA,307
NP,307
TECS,307
VICL,307
WMS,307
BFK,306
GPL,306
IHE,306
TE,306
TMH,306
REX,305
TVPT,305
CIB,304
COWN,304
KMF,304
QTM,304
SVA,304
XGTI,304
ABCO,303
CGG,303
CNCE,303
DGII,303
IPI,303
JOBS,303
PKD,303
SFG,303
TZOO,303
ZLTQ,303
BVN,302
CGI,302
CHFC,302
FFIN,302
HAFC,302
HDV,302
INWK,302
MYE,302
WSH,302
AVG,301
HYGS,301
MDLY,301
TLM,301
BBH,300
FARM,300
FXL,300
JOE,300
NGLS,300
PTNR,300
AMED,299
EXPD,299
MFM,299
TYPE,299
USPH,299
CMRX,298
HBHC,298
HPY,298
MYI,298
NWPX,298
PRTS,298
TRW,298
CCLP,297
CSV,297
EXPO,297
HHS,297
OME,297
PUK,297
QTWO,297
SQNS,297
SSTK,297
UHT,297
JDSU,296
ORBC,296
SRI,296
UIS,296
WPPGY,296
CALL,295
HDSN,295
RGLS,295
VMO,295
ESE,294
ESRT,294
FWRD,294
NAP,294
SJNK,294
TRUP,294
ACLS,293
BIOL,293
DRAD,293
EIRL,293
HTLF,293
LRE,293
MEN,293
RSXJ,293
HI,292
KEP,292
TSRA,292
ACRE,291
AFSI,291
BGC,291
SYRG,291
TC,291
TEO,291
ATNI,290
ERIE,290
HW,290
IPWR,290
MFT,290
RDEN,290
RLH,290
STRT,290
UMBF,290
ASTC,289
COOL,289
ESIO,289
MCHX,289
MVF,289
OFG,289
ONNN,289
SMSI,289
CTO,288
DYN,288
FELP,288
GARS,288
KANG,288
PVA,288
REI,288
SMI,288
TAX,288
KCG,287
NLST,287
NVFY,287
RAS,287
SRLP,287
UBA,287
CEA,286
CVU,286
CXP,286
EIG,286
HSNI,286
ISD,286
NPSP,286
TISI,286
BH,285
BXC,285
DHX,285
EIDO,285
FARO,285
SOXS,284
SPHS,284
STAR,284
EFOI,283
LMRK,283
MTU,283
MUS,283
PLUS,283
QVCA,283
STRZA,283
AMWD,282
GBR,282
HTWR,282
MTSC,282
NADL,282
NTI,282
SMPL,282
STR,282
ABG,281
AEGR,281
EFSC,281
MLPA,281
NTG,281
PRKR,281
PRO,281
RDCM,281
SIAL,281
DWRE,280
ELD,280
IPHS,280
MDWD,280
NYMX,280
PGX,280
PHH,280
Q,280
VSEC,280
AMBA,279
APRI,279
FTEK,279
MTBC,279
ADPT,278
AMZN,278
DPM,278
EVTC,278
GTY,278
MPX,278
PAM,278
PMO,278
RCPT,278
SFNC,278
SSS,278
AVNR,277
BWS,277
EMCI,277
MNTX,277
UCBI,277
USAP,277
CETV,276
SWM,276
AFOP,275
BAP,275
SOCL,275
BSTC,274
NVMI,274
QLGC,274
VNM,274
GBL,273
HMN,273
TESS,273
BKEP,272
HQH,272
ICD,272
IYZ,272
RKT,272
CUBI,271
CVEO,271
FF,271
GAIA,271
HAYN,271
NTIC,271
WSBC,271
FEN,270
FSI,270
GPRK,270
MATW,270
STC,270
TTGT,270
WRE,270
ALEX,269
ANAC,269
BHK,269
CVCO,269
ELTK,269
PFSW,269
RATE,269
AAON,268
CATY,268
CTSO,268
CVG,268
LINC,268
LUB,268
MIXT,268
SKY,268
SPHB,268
TPL,268
AOSL,267
CPF,267
DGRW,267
EPHE,267
EVLV,267
WSFS,267
ZMH,267
DEM,266
IDN,266
VMEM,266
CNDA,265
INDB,265
INUV,265
IRL,265
LBY,265
PSDV,265
RXDX,265
RYU,265
EJ,264
FFBC,264
GTXI,264
MTLS,264
PQ,264
TARO,264
UBSI,264
AMTG,263
BCPC,263
FFHL,263
INXN,263
LNCE,263
TPUB,263
BBOX,262
CBPX,262
CUBA,262
FCF,262
GNE,262
ISR,262
MDAS,262
PJP,262
RNET,262
ZQK,262
BPT,261
CEM,261
CNET,261
EGPT,261
EOS,261
FCH,261
GPX,261
GRBK,261
GXP,261
IIIN,261
RADA,261
SQNM,261
SXI,261
ARGS,260
BGSF,260
BLT,260
COLB,260
IDX,260
IWO,260
RNN,260
SEED,260
ZN,260
AGRO,259
ARC,259
ASMB,259
CGEN,259
CIO,259
DRII,259
NVGS,259
OGEN,259
OPB,258
SKIS,258
SPF,258
UTL,258
BXE,257
COKE,257
NTT,257
TST,257
HSGX,256
KOPN,256
PKY,256
PME,256
PVTB,256
RBCN,256
SYNL,256
VOX,256
DDC,255
GER,255
IGV,255
WHF,255
AGX,254
GHC,254
IIN,254
LABL,254
LFVN,254
NTWK,254
BANF,253
BLKB,253
IPAS,253
JHI,253
LSG,253
ALDX,252
CASI,252
CLRO,252
ONE,252
ORBK,252
POWL,252
SREV,252
CCIH,251
DISCK,251
FPL,251
HTS,251
IVAC,251
TBBK,251
TRK,251
AMD,250
BBC,250
BRSS,250
CLUB,250
CSH,250
CTG,250
MBFI,250
MGRC,250
OLP,250
SOXX,250
UEC,250
BEE,249
CST,249
ECR,249
EQC,249
MCRI,249
PWE,249
CJES,248
DYAX,248
PPH,248
SPA,248
AAWW,247
JRJC,247
LDL,247
LTXB,247
SHOR,247
AEIS,246
BHLB,246
EEQ,246
FBR,246
LTBR,246
LXFT,246
NYRT,246
RDI,246
VFH,246
ADVS,245
CBMG,245
FNFG,245
GHY,245
GIG,245
JRVR,245
NEU,245
PGRE,245
PMCS,245
VRML,245
XNCR,245
AWF,244
DLA,244
KLXI,244
CRME,243
DTSI,243
DWCH,243
FDEF,243
GMAN,243
HBIO,243
JHX,243
LEE,243
SALM,243
AINV,242
ALQA,242
DGICA,242
ECH,242
EWT,242
FSP,242
NILE,242
TEG,242
AMSG,241
CYT,241
EOX,241
SPRO,241
STBA,241
SYKE,241
TCX,241
ALNY,240
AVNW,240
CGNX,240
CHMT,240
CSFL,240
CTT,240
CYD,240
HCAP,240
ITRN,240
LLEX,240
SNAK,240
TREC,240
TTEC,240
ABMD,239
AMSWA,239
DOOR,239
FLTX,239
HRTG,239
IHI,239
INFA,239
MWV,239
QCLN,239
STFC,239
TLLP,239
ABY,238
CRWS,238
FWP,238
NSAM,238
SCS,238
TBK,238
CTCT,237
CUI,237
EBR,237
FEZ,237
MRIN,237
RNST,237
RSYS,237
SORL,237
BWC,236
ELNK,236
GWB,236
OHGI,236
PZN,236
RLYP,236
SSB,236
TLF,236
DGI,235
LIQT,235
MLAB,235
OCFC,235
SCSC,235
SPRT,235
BEL,234
HLSS,234
HQL,234
HWAY,234
BRAQ,233
KINS,233
MSO,233
OSN,233
SDR,233
SVM,233
AST,232
CTRX,232
DRC,232
FLML,232
FRME,232
GMZ,232
HY,232
HYH,232
ICLD,232
LITB,232
MIND,232
OMN,232
PBMD,232
PCL,232
RGCO,232
TRLA,232
UIHC,232
VVI,232
ARDM,231
CORT,231
FSNN,231
KTWO,231
LYTS,231
MOBL,231
OAKS,231
ARTNA,230
LWAY,230
SFXE,230
SBND,230
ATTO,229
CNW,229
MYOS,229
WG,229
CHT,228
KVHI,228
ANY,227
BDE,227
FORR,227
JYNT,227
LEMB,227
UFI,227
DBEF,226
GXG,226
HYS,226
KYE,226
MGT,226
MICT,226
PAR,226
UTEK,226
BPFH,225
CECO,225
CEW,225
CTBI,225
DMRC,225
IBTX,225
IRIX,225
MYRG,225
NCTY,225
NVGN,225
PRF,225
UNIS,225
VSAR,225
AXU,224
CVBF,224
INS,224
PFS,224
PRCP,224
STRM,224
CKH,223
JMLP,223
MRH,223
NXTM,223
OXFD,223
PPR,223
TTP,223
TWIN,223
UFCS,223
WTM,223
BCOM,222
EAC,222
RIGP,222
ROC,222
RYI,222
SBCF,222
SSH,222
WRES,222
AEHR,221
AWP,221
MM,221
NGS,221
PFIE,221
PFMT,221
TESO,221
ACUR,220
AERI,220
ASCMA,220
BOSC,220
ENOC,220
EXXI,220
ICAD,220
INTL,220
JIVE,220
NFEC,220
OCR,220
OGXI,220
PPS,220
SYBT,220
ACU,219
AMDA,219
AMTX,219
BFR,219
ORPN,219
PKE,219
THR,219
ALOT,218
ASR,218
LIT,218
LOV,218
PPP,218
DEX,217
EEMV,217
GBSN,217
NSSC,217
RELL,217
UBSH,217
UTSI,217
EIS,216
EPU,216
INCO,216
LPTH,216
MBWM,216
MGEE,216
PSG,216
RCAP,216
SXE,216
CLMS,215
EMAN,215
FVE,215
IQNT,215
MTSL,215
PPBI,215
PPSI,215
TSQ,215
WYY,215
EPOL,214
GTIV,214
PKOH,214
VTAE,214
WABC,214
LEU,213
TIGR,213
XCRA,213
ATV,212
BRK.B,212
EWD,212
LION,212
AP,211
ELOS,211
FM,211
GILT,211
IMUC,211
QUAL,211
RMP,211
SIRO,211
SPU,211
UTIW,211
XPLR,211
AMBR,210
CCCL,210
GRVY,210
IBCP,210
NWBI,210
RFIL,210
TENX,210
TUBE,210
USDP,210
ATLS,209
FXH,209
MKTO,209
NAO,209
PBW,209
PMC,209
SAGG,209
AGM,208
CSTE,208
HCCI,208
USAC,208
NWY,207
PRTO,207
CBA,206
CMFN,206
DDF,206
IPO,206
KT,206
LCUT,206
ONTY,206
SPNS,206
TCCO,206
CFN,205
ENZY,205
LDRH,205
UMC,205
ABGB,204
BIOD,204
BRLI,204
CSS,204
CWB,204
FULL,204
BRT,203
FLL,203
GMT,203
LBRDA,203
MSON,203
NC,203
OMEX,203
PKW,203
RCON,203
SPNC,203
URG,203
AGII,202
BIB,202
HPJ,202
BVX,201
GSVC,201
JMI,201
NRIM,201
SZYM,201
EVGN,200
FVD,200
MMI,200
OFS,200
SGNT,200
SMFG,200
TWMC,200
UNM,200
VCYT,200
ALSK,199
NSH,199
PDFS,199
SDP,199
VPG,199
YUME,199
BSPM,198
LOCK,198
MZOR,198
QADA,198
SFBS,198
SHOS,198
USNA,198
AGYS,197
CREG,197
HTBK,197
PPA,197
RVT,197
UGP,197
BBGI,196
BMRC,196
CCBG,196
EBSB,196
IHF,196
MRKT,196
PNQI,196
PPO,196
CGA,195
CPSS,195
EVOL,195
EWN,195
EXAR,195
FUEL,195
IDSY,195
LKFN,195
TRMK,195
BSRR,194
CYBE,194
FAX,194
GBLI,194
KIE,194
LMOS,194
LONG,194
STEM,194
TCBK,194
AOD,193
LUX,193
MVC,193
NWHM,193
SGC,193
CLCT,192
CPHD,192
CTS,192
EPM,192
EXA,192
GWGH,192
HFWA,192
IEC,192
AAVL,191
BBX,191
CACQ,191
HBNC,191
LIOX,191
PROV,191
PRSC,191
RLD,191
DXR,190
JJG,190
MCR,190
NCZ,190
OCLS,190
PESI,190
RNF,190
ROX,190
WIRE,190
AINC,189
CNOB,189
IGLD,189
INTT,189
MOFG,189
PDT,189
XOXO,189
CLFD,188
FORD,188
LQ,188
MRD,188
WMK,188
WTSL,188
ADX,187
AHC,187
AHPI,187
CNNX,187
DCM,187
IPDN,187
PHX,187
QLTI,187
SDY,187
SYX,187
TPLM,187
VGM,187
EXAM,186
GABC,186
IAI,186
JPC,186
PRGX,186
RIBT,186
UFPT,186
BRKL,185
CLDN,185
ELX,185
FCB,185
FFC,185
IGTE,185
REFR,185
TR,185
CCRN,184
PER,184
CMN,183
CYRN,183
FISI,183
IDV,183
MRLN,183
SINO,183
ANAD,182
CURE,182
ERA,182
FLIC,182
GURE,182
IMNP,182
JASN,182
BMR,181
HCBK,181
ODC,181
OSBC,181
AF,180
BIN,180
BRK.A,180
CAR,180
CDTI,180
EBF,180
JBSS,180
MSB,180
NXTD,180
SMTX,180
TACT,180
TAT,180
DWSN,179
FPX,179
GAB,179
PTSI,179
PWRD,179
SAIC,179
WEYS,179
BMTC,178
BSAC,178
CLNT,178
ININ,178
ARCW,177
CELP,177
CIVI,177
GMO,177
HWCC,177
ECTE,176
EQY,176
ESGR,176
JCS,176
KBSF,176
LBAI,176
OIBR,176
POWR,176
RAVE,176
SLH,176
WSTL,176
AFT,175
FLXS,175
GRX,175
LRAD,175
XLS,175
BSQR,174
CODE,174
DCOM,174
GEVA,174
PCYO,174
PGN,174
SFE,174
SHI,174
SRCE,174
CBMX,173
CCG,173
CLWT,173
CVCY,173
EXLP,173
ICCC,173
KTCC,173
NATH,173
URA,173
DW,172
FRP,172
LG,172
PHI,172
PSIX,172
SCHM,172
SCLN,172
SNOW,172
VOLC,172
BSMX,171
CLIR,171
GEOS,171
GSB,171
KOSS,171
KYTH,171
MEP,171
PEBO,171
PEO,171
SNTA,171
AXLL,170
DLN,170
GRAM,170
HPTX,170
IRS,170
JVA,170
NWBO,170
PGF,170
SDOG,170
TRAK,170
WSTC,170
ZINC,170
IMI,169
KB,169
LTRPA,169
RWT,169
AROW,168
BDBD,168
BVSN,168
GSIT,168
RMCF,168
TEAR,168
VSR,168
CPAH,167
GUID,167
IGR,167
PMD,167
POZN,167
SCM,167
SURG,167
ALCO,166
AOI,166
BIOA,166
CVD,166
EWO,166
TGS,166
TSLF,166
VBTX,166
HYD,165
ISNS,165
NCIT,165
NYNY,165
PANL,165
SPW,165
SYA,165
CXDC,164
DEG,164
DXYN,164
MFG,164
ORIT,164
SANW,164
TBNK,164
CAC,163
CHI,163
IILG,163
KONE,163
LVNTA,163
MGIC,163
PRGN,163
PRSS,163
RNWK,163
THFF,163
AMRK,162
ARKR,162
BDGE,162
BUSE,162
BWG,162
DAIO,162
DYNT,162
MAG,162
MFSF,162
NOR,162
OHAI,162
PNTR,162
TNGO,162
ARCI,161
AUQ,161
AVHI,161
EVI,161
GIFI,161
NBTB,161
SCZ,161
TDIV,161
WF,161
CCNE,160
CLS,160
FLC,160
QRHC,160
REIS,160
RNA,160
SAR,160
TXTR,160
UAM,160
VGI,160
ACY,159
AEY,159
AMGN,159
CQH,159
ENZL,159
LBRDK,159
MAGS,159
MLR,159
NBHC,159
NVEC,159
SSNI,159
VLTC,159
AVAL,158
BFIN,158
BFS,158
BTN,158
CTHR,158
EMMS,158
FCNCA,158
HSON,158
KBAL,158
SWZ,158
BOCH,157
IYM,157
KWT,157
NAUH,157
STXS,157
WINA,157
DTLK,156
GFIG,156
HCOM,156
NTN,156
SCIF,156
SIFY,156
TISA,156
VTG,156
APL,155
CASH,155
ESCA,155
IPCC,155
OPXA,155
OTEL,155
PCYG,155
SDPI,155
SMIT,155
TAXI,155
AWX,154
EDN,154
HILL,154
IG,154
PGC,154
SBY,154
SIM,154
SJT,154
STBZ,154
TRNS,154
TRST,154
USEG,154
UVSP,154
XTLB,154
BAA,153
CNTF,153
CSPI,153
CU,153
PICO,153
UIL,153
ATAX,152
INBK,152
LMIA,152
PCOM,152
PRAN,152
SGA,152
SOFO,152
TG,152
UBNK,152
ACPW,151
ANV,151
BCBP,151
CCU,151
CCUR,151
CRDC,151
FPO,151
FSAM,151
ISSI,151
NORW,151
NU,151
PBS,151
SSE,151
TWER,151
URR,151
EFF,150
HGR,150
MSTX,150
RGP,150
TGD,150
TOWN,150
CSUN,149
IAK,149
IMS,149
MTEX,149
MYCC,149
NDRO,149
NNI,149
SEB,149
SMMF,149
TIK,149
UCFC,149
VLGEA,149
AIRM,148
LBIX,148
MILL,148
NTIP,148
QUMU,148
BANX,147
CJJD,147
COSI,147
FEIC,147
FRA,147
JPS,147
KRNY,147
NSPH,147
OPY,147
AIXG,146
ATRI,146
ELMD,146
EWK,146
FEIM,146
LOAN,146
MATR,146
PBT,146
PGEM,146
SRT,146
TMP,146
WPCS,146
ACMP,145
DMD,145
FFKT,145
FSBW,145
LDR,145
RTI,145
SGU,145
SIEB,145
VISN,145
ISTR,144
KEQU,144
PRPH,144
ZSPH,144
CFA,143
EBMT,143
GKNT,143
NHC,143
ORB,143
VISI,143
AMPH,142
EVDY,142
IPCM,142
TKAI,142
TSYS,142
BRP,141
CADC,141
CARV,141
DMLP,141
PHO,141
TRCH,141
AKBA,140
AMRI,140
AMRN,140
ARII,140
BNCL,140
CCM,140
CFNL,140
COCO,140
CPIX,140
CYN,140
EFT,140
FUR,140
GNBC,140
HBP,140
HTM,140
MNA,140
RLOC,140
RTK,140
SCL,140
SDT,140
WSTG,140
ABM,139
DON,139
GIGA,139
IL,139
JGH,139
NFBK,139
PHMD,139
SBBX,139
SYPR,139
SBW,139
AGD,138
ICN,138
NTLS,138
RNDY,138
SVVC,138
TSC,138
BLX,137
DGS,137
FT,137
HURC,137
IXC,137
PLM,137
SAAS,137
SCHP,137
SE,137
WMLP,137
FONR,136
IXYS,136
KGJI,136
TFSL,136
VAW,136
AUMN,135
BASI,135
CRDS,135
CRESY,135
FMNB,135
IWC,135
PEY,135
ADK,134
ALX,134
AMNB,134
DFE,134
EML,134
ETG,134
FSYS,134
NWFL,134
SCAI,134
DRIV,133
FCBC,133
GBAB,133
GVP,133
LORL,133
NGE,133
NICK,133
QBAK,133
TRCB,133
TRGT,133
TSRI,133
AAMC,132
CORI,132
CTIB,132
DSKY,132
FMER,132
GBNK,132
GULF,132
LODE,132
MOBI,132
NBN,132
OIIM,132
PSEM,132
VDSI,132
BFZ,131
BNCN,131
CNDO,131
FCOR,131
MAV,131
MFV,131
MOG.A,131
OBCI,131
TIPT,131
WILC,131
ADEP,130
ANAT,130
CAS,130
CVV,130
HNSN,130
IX,130
IXUS,130
SSY,130
ASFI,129
BIF,129
CHY,129
DLHC,129
ENG,129
ETW,129
HYI,129
ITIC,129
JFR,129
MSC,129
OXBR,129
RAND,129
REMX,129
WNRL,129
BGT,128
FHCO,128
GIGM,128
NTK,128
OCC,128
ACTA,127
CPLA,127
HWKN,127
IBOC,127
NTP,127
POPE,127
SKYS,127
GNVC,126
GTI,126
MCGC,126
MLVF,126
SHG,126
ALXA,125
AV,125
CNIT,125
DVYE,125
EIA,125
IESC,125
YZC,125
AVOL,124
BALT,124
CAPN,124
COVS,124
MFNC,124
MORE,124
PLNR,124
PVCT,124
RMGN,124
SYUT,124
VGZ,124
VTTI,124
ADNC,123
CMLP,123
DRL,123
GZT,123
HTCH,123
LEI,123
ORRF,123
PTP,123
XRM,123
CISG,122
HME,122
IHC,122
MIFI,122
MPB,122
NORD,122
OMG,122
TRMR,122
WSBF,122
BHBK,121
FCT,121
GAM,121
HGSH,121
JPEP,121
NES,121
NJ,121
NL,121
OMAM,121
PED,121
REXI,121
AQXP,120
CDI,120
CENX,120
CFFN,120
CSQ,120
FAM,120
FCCO,120
GB,120
IGF,120
NKA,120
PHII,120
SAMG,120
SBR,120
SPIL,120
VECO,120
BHB,119
BONA,119
CDZI,119
CHW,119
EGAS,119
ITM,119
MCBC,119
NBS,119
PLND,119
RSE,119
SAN,119
SDRL,119
SMBC,119
UWN,119
WGBS,119
CBFV,118
EOC,118
FBNK,118
HBCP,118
IFON,118
LULU,118
PBR.A,118
SGMA,118
STLY,118
AMCC,117
AVIV,117
MAMS,117
MHH,117
ORM,117
PFD,117
ABDC,116
CERU,116
CHMG,116
DTD,116
EDE,116
IMN,116
NKX,116
SPLP,116
VALU,116
ABCD,115
AETI,115
BELFA,115
CBR,115
DRAM,115
DSCO,115
EMCF,115
GNCMA,115
IHY,115
INOD,115
KE,115
RBCAA,115
RSTI,115
RVSB,115
SPOK,115
TGEN,115
CVLY,114
EEI,114
EHIC,114
HIFS,114
MFLX,114
PIP,114
RCMT,114
RLJE,114
RLOG,114
CASM,113
CKP,113
ENSV,113
MCUR,113
OFLX,113
ZX,113
ARCX,112
ARTW,112
BBDO,112
DATE,112
DHIL,112
DNBF,112
ELON,112
LMLP,112
MWIV,112
PLPM,112
PRK,112
SYMX,112
AIRT,111
BNY,111
CCF,111
CNBKA,111
COMT,111
DBV,111
DVCR,111
EPIQ,111
IRC,111
ISSC,111
MPA,111
PWOD,111
PZG,111
TLOG,111
ULBI,111
AFK,110
CRED,110
DYSL,110
GRIF,110
INFU,110
JTPY,110
MSLI,110
MTR,110
TSBK,110
UDF,110
UNTY,110
VIMC,110
BTT,109
CPAC,109
EBTC,109
EFZ,109
FWM,109
HTBI,109
LDP,109
MXC,109
NRX,109
UCP,109
DJCO,108
HNNA,108
NEOT,108
OCIP,108
PIH,108
XUE,108
GFA,107
HSOL,107
IFN,107
INVT,107
JOEZ,107
SGNL,107
BOXC,106
CNXR,106
DSCI,106
DVD,106
ENVI,106
HYEM,106
IEMG,106
KYO,106
MDGN,106
SAL,106
TCFC,106
WPT,106
CARZ,105
FRBA,105
FRBK,105
FRN,105
FUND,105
HMTV,105
KED,105
LCNB,105
MBTF,105
NWLI,105
OB,105
ONP,105
PTRY,105
RALY,105
SCHC,105
TRR,105
UPIP,105
USO,105
VIRC,105
ARIS,104
CFFI,104
FRD,104
GY,104
TINY,104
TNH,104
UTMD,104
AE,103
BBCN,103
BLW,103
CRT,103
EVK,103
EVM,103
JRN,103
MHGC,103
NEWS,103
NMRX,103
PMBC,103
WAVX,103
AUBN,102
CHNR,102
CVR,102
EXL,102
HDNG,102
IHT,102
INTX,102
LARK,102
NEWP,102
UACL,102
UG,102
WSCI,102
BONE,101
HFBC,101
OILT,101
QAI,101
USTR,101
WIBC,101
ABAX,100
ABIO,100
ANGI,100
BSI,100
CYAN,100
EVAR,100
GCA,100
GDV,100
IMPR,100
KFS,100
NPBC,100
OPHC,100
PDP,100
PKBK,100
SD,100
SGM,100
SPP,100
SQI,100
UNB,100
AAV,99
CKSW,99
DEL,99
ENFC,99
ESP,99
GOMO,99
LTRX,99
NXJ,99
ZPIN,99
BWFG,98
ENTR,98
OKSB,98
CCCR,97
CZWI,97
DPRX,97
FNBC,97
LVS,97
TRC,97
FRM,96
GSBC,96
KFX,96
MLNK,96
NPD,96
OCRX,96
UPS,96
WMAR,96
AXR,95
GGT,95
HBMD,95
KROO,95
MBCN,95
MSFG,95
RELV,95
AWRE,94
BDL,94
JOB,94
MERU,94
MVNR,94
SIMG,94
CASS,93
EFNL,93
FDD,93
GDL,93
LOJN,93
PDEX,93
SUSQ,93
UNL,93
USLM,93
VGT,93
BRDR,92
ISIG,92
MMAC,92
MOC,92
OVBC,92
PBIP,92
TTHI,92
CHCI,91
CII,91
COBZ,91
FNLC,91
MGU,91
MIY,91
MLP,91
NVDQ,91
UBP,91
UUU,91
YOD,91
ACFN,90
AEPI,90
ATLC,90
BDR,90
BGY,90
CIA,90
CNV,90
CPHC,90
DXM,90
EFAV,90
ENZN,90
ERB,90
FORTY,90
FUNC,90
MBLX,90
NAZ,90
PZE,90
SEV,90
UNG,90
WLFC,90
ARL,89
CZNC,89
HNH,89
NATL,89
SFBC,89
AEC,88
APPY,88
ELRC,88
GBIM,88
GSI,88
MELA,88
NNC,88
PAL,88
PLBC,88
PLPC,88
RGDO,88
SP,88
CPHR,87
GFED,87
HFBL,87
MBRG,87
NRK,87
SGRP,87
WEBK,87
CUT,86
DARA,86
ENI,86
EOPN,86
IRR,86
MY,86
QTWW,86
SNBC,86
SPAN,86
TLMR,86
AIQ,85
BAB,85
CYNI,85
EGT,85
NFJ,85
TGC,85
AMOT,84
CART,84
ECT,84
EELV,84
FBIZ,84
FSFG,84
MTK,84
NAII,84
NMT,84
PGI,84
BKSC,83
CAW,83
EOD,83
JGW,83
NAN,83
STRS,83
STS,83
SYRX,83
ASRV,82
ATNY,82
CHFN,82
CLRX,82
FRAK,82
FREE,82
HTY,82
IXP,82
MYJ,82
NRT,82
SGOC,82
SSBI,82
VII,82
BKMU,81
BRXX,81
CMGE,81
CPHI,81
HWBK,81
LSBK,81
MVG,81
NMY,81
PFBI,81
PSTB,81
SAPE,81
SGB,81
SSFN,81
TEU,81
UBCP,81
VTSS,81
AMRB,80
BCH,80
BORN,80
CBNK,80
CERE,80
GLPW,80
HYXU,80
JPI,80
MHN,80
MTSN,80
TLK,80
AMKR,79
CASY,79
CHEF,79
CIF,79
ESSA,79
KTEC,79
LPTN,79
MPET,79
NPK,79
PNX,79
VLCCF,79
EPP,78
EPRS,78
FCAP,78
FMD,78
FRPH,78
LIME,78
MSN,78
STCK,78
TAIT,78
ANCX,77
CENTA,77
DBMX,77
EFUT,77
OPWR,77
SBI,77
SIFI,77
SLCT,77
KBWP,76
OVLY,76
RVP,76
SMB,76
TCI,76
DSKX,75
DSWL,75
FBSS,75
GCBC,75
HEZU,75
HH,75
NSEC,75
PCM,75
RCG,75
SCHG,75
STNR,75
TRT,75
VCSH,75
VFL,75
AAME,74
ACWX,74
CHCO,74
CSJ,74
DIT,74
GSOL,74
IRF,74
IUSB,74
JST,74
NKSH,74
PENX,74
PNRG,74
PSCF,74
RIC,74
XSW,74
AAXJ,73
CRBN,73
EQAL,73
IDI,73
IKAN,73
IUSG,73
KCNY,73
PBHC,73
PCQ,73
PDII,73
RWC,73
RYAM,73
TAOM,73
THM,73
ULTR,73
ABAC,72
ACTS,72
ADRA,72
BLV,72
CUO,72
DGICB,72
FINZ,72
IAU,72
MOCO,72
NRO,72
PEBK,72
PZA,72
SCJ,72
SDOW,72
TQQQ,72
VONV,72
ACWI,71
ATMP,71
CACH,71
CALI,71
CWI,71
DBS,71
DYY,71
EFU,71
ELLO,71
EMCR,71
FHK,71
GLBZ,71
HEOP,71
HYLS,71
ICA,71
ISRA,71
IUSV,71
LLEM,71
LMBS,71
MSBF,71
OLO,71
PSR,71
RVNU,71
RWX,71
SMLL,71
TIPX,71
VTWO,71
CBF,70
ESSX,70
KZ,70
MCZ,70
MVO,70
NAME,70
RBY,70
SCOK,70
SIF,70
SOR,70
TAYD,70
ADZ,70
BSJG,70
BSJM,70
DDM,70
DFVS,70
DIRT,70
DJCI,70
EMLB,70
GBF,70
HEVY,70
IYY,70
MBSD,70
QESP,70
QJPN,70
QLTC,70
QQXT,70
REET,70
RWM,70
SPLX,70
SPUU,70
SUB,70
TFLO,70
UJB,70
VONE,70
BAGR,69
DGAS,69
DGSE,69
ETX,69
JCTCF,69
KUTV,69
MGCD,69
NUTR,69
SENEA,69
SMN,69
RWJ,69
AMFW,68
ASEA,68
BKJ,68
CIZN,68
ETAK,68
EVRY,68
FRS,68
GPIC,68
IKNX,68
MMD,68
OPOF,68
OSHC,68
PHB,68
PHIIK,68
QEPM,68
SKF,68
UBFO,68
AMZG,67
FSRV,67
GRO,67
HGT,67
KFFB,67
LNBB,67
PBIB,67
PIE,67
PSTR,67
PTBI,67
ROYL,67
YDLE,67
CSD,66
IRE,66
JDD,66
SLI,66
APWC,65
CRWN,65
EMHY,65
FAC,65
GEX,65
MGV,65
OCIR,65
PWV,65
VONG,65
ALD,64
BBNK,64
GUR,64
HUSA,64
PMFG,64
BOTA,63
BOTJ,63
BRID,63
MCRL,63
BFO,63
ACFC,62
AMRE,62
AXN,62
BYFC,62
CFBK,62
FES,62
QLTY,62
SCPB,62
SGF,62
EMFM,61
GRF,61
MBVT,61
PW,61
AAU,60
ALDR,60
AMRS,60
ARKQ,60
BGI,60
CAP,60
CERN,60
CHRS,60
CIX,60
CRRC,60
MXI,60
PRXI,60
RYL,60
SBS,60
SGBK,60
TBT,60
UN,60
UNT,60
WFD,60
WVVI,60
AMZA,59
ASHS,59
BAMM,59
BAR,59
BBF,59
BCV,59
CHDN,59
CXE,59
DTN,59
FBMS,59
IROQ,59
NCB,59
NXQ,59
PMM,59
RUSHB,59
TRIV,59
UNP,59
VIIX,59
VKQ,59
ADGE,58
ARKK,58
BIL,58
BKK,58
CEE,58
CEV,58
CIK,58
CROC,58
CRTN,58
CUNB,58
DBL,58
DMF,58
ECF,58
EMQQ,58
EVF,58
INB,58
ITF,58
ITOT,58
LGI,58
LIQD,58
MUA,58
NAC,58
NBBC,58
PFL,58
PIM,58
QAT,58
REE,58
RIOM,58
RPT,58
SHV,58
VOO,58
VXUS,58
WHLM,58
XOVR,58
ACNB,57
BTA,57
BUI,57
CLM,57
CNXT,57
CSBK,57
DGRE,57
EIV,57
EMLP,57
ETB,57
EURL,57
FCAN,57
GPM,57
GRT,57
HTD,57
IAF,57
IEF,57
IKGH,57
IVV,57
MES,57
MFD,57
MIN,57
NCA,57
PGHY,57
PPT,57
SNFCA,57
SPYG,57
SRV,57
SVLC,57
TRX,57
TYO,57
UAE,57
UBIC,57
UTF,57
BIZD,56
BPK,56
BSE,56
BSL,56
CAFE,56
CHIX,56
DBGR,56
DIAX,56
DLS,56
DMB,56
DSI,56
DVP,56
EVV,56
EVY,56
EWUS,56
FENY,56
FGB,56
FHLC,56
FKO,56
FKU,56
FXR,56
GLU,56
GMK,56
IEUR,56
IWN,56
KEF,56
KOLD,56
LMCK,56
MCN,56
NML,56
PNBK,56
PSCU,56
PSI,56
PSK,56
PSP,56
REMY,56
RGDX,56
RHS,56
RWR,56
SKH,56
SQBK,56
ACG,55
AKP,55
ALFA,55
BCA,55
BIS,55
BIV,55
BOIL,55
CGW,55
CHSCP,55
CMU,55
DBEU,55
DXGE,55
EEB,55
ENFR,55
EWGS,55
FDL,55
FEM,55
FHY,55
GII,55
GLDX,55
GOF,55
GTU,55
HEWJ,55
IWR,55
JHS,55
KFYP,55
LND,55
LOCM,55
MPV,55
MYF,55
NBH,55
PAI,55
PFO,55
PGP,55
PSCC,55
PSCH,55
QCAN,55
RDIV,55
RNP,55
SPFF,55
TSI,55
TTT,55
UTG,55
VCV,55
VLT,55
VMBS,55
VTIP,55
VWOB,55
BWZ,55
ATL,54
AVL,54
BFOR,54
CCSC,54
CHIM,54
CHXF,54
CVOL,54
DBB,54
DBEZ,54
DBUK,54
DPK,54
DXKW,54
EEMA,54
EVO,54
FCO,54
FMY,54
FSBK,54
FTSL,54
GCH,54
GIM,54
HEWG,54
HIE,54
IHDG,54
JW.A,54
KBWR,54
KCE,54
KMM,54
MTT,54
NBO,54
NXR,54
PGAL,54
PMF,54
PML,54
PMX,54
PZC,54
QDF,54
QTEC,54
REZ,54
RJA,54
RWL,54
SPYV,54
TSRE,54
UHN,54
UYG,54
VKI,54
VRP,54
VSS,54
XHS,54
XNY,54
ARKG,53
BIK,53
BKF,53
BZM,53
CBNJ,53
CH,53
CHIE,53
CHLN,53
DBBR,53
DGZ,53
DNP,53
DSLV,53
DXJF,53
EMI,53
EVP,53
FDIS,53
FISH,53
FLOT,53
FNCL,53
FPE,53
FUTY,53
FXSG,53
GNMA,53
HIX,53
IGN,53
IJJ,53
IJS,53
IJT,53
IPAC,53
IWV,53
JGBT,53
JPNL,53
JPP,53
JSC,53
KBWY,53
KORU,53
KXI,53
MGK,53
MHF,53
MHI,53
MINT,53
MNRK,53
NLR,53
NPV,53
PCF,53
PGZ,53
PHF,53
PID,53
PNF,53
PNI,53
QGBR,53
RQI,53
SGDM,53
SLVP,53
SMK,53
SNLN,53
SPXX,53
SSO,53
SWSH,53
SYLD,53
TVIZ,53
UCBA,53
VBF,53
VBR,53
VEU,53
XLG,53
ADRE,52
ADRU,52
AIA,52
BJZ,52
BUNT,52
BWX,52
CMBS,52
DBEM,52
DOG,52
DRW,52
DWX,52
EMAG,52
EMJ,52
EUDG,52
EUFX,52
EUMV,52
EUSA,52
EVJ,52
FEP,52
FEX,52
FSZ,52
FTT,52
FUE,52
GGOV,52
GRH,52
HYLD,52
IDOG,52
IGM,52
INR,52
ITE,52
ITR,52
IWS,52
JGBL,52
KRU,52
LBTYB,52
LLSC,52
LVL,52
MDYG,52
MMV,52
PBD,52
PFI,52
PSAU,52
PSCE,52
PSCI,52
QVAL,52
RITT,52
ROOF,52
RTM,52
RWW,52
RXL,52
SMTP,52
SPPP,52
SPXU,52
SZC,52
TBF,52
TLH,52
TTF,52
TTFS,52
USFR,52
USLV,52
VBK,52
VOT,52
VXZ,52
WOOD,52
YAO,52
ADRD,51
AGC,51
BSCL,51
BSCM,51
BUNL,51
CBAK,51
CBON,51
CFO,51
CHNA,51
CIU,51
CMF,51
DBP,51
DGP,51
DJP,51
DLBL,51
DSUM,51
DXJR,51
DXJS,51
EFV,51
ENOR,51
EWHS,51
FBND,51
FCHI,51
FEU,51
FGM,51
FIDU,51
FINU,51
FJP,51
FLN,51
FNDX,51
FORX,51
FRI,51
FTA,51
FTCS,51
FTSM,51
FXS,51
GDAY,51
GOVT,51
GRU,51
GSY,51
GYEN,51
HYHG,51
HYND,51
ICB,51
ICEL,51
IF,51
IMLP,51
JGBD,51
JJA,51
JJN,51
JJT,51
JJU,51
JKH,51
JPMV,51
KBWD,51
LD,51
LTPZ,51
MBG,51
MEA,51
MLN,51
MRVC,51
NIM,51
OLEM,51
ONEQ,51
PCEF,51
PRB,51
PTM,51
PVI,51
PXJ,51
PXQ,51
QKOR,51
QYLD,51
RDVY,51
RGI,51
RIT,51
RWV,51
RYE,51
SBB,51
SGAR,51
SHM,51
SIJ,51
SLY,51
SLYG,51
SMLV,51
SRS,51
STPZ,51
SYE,51
SZO,51
TAGS,51
TBAR,51
TDTT,51
TIPZ,51
TRND,51
TWM,51
UDOW,51
USCI,51
UWM,51
UYM,51
VCF,51
VEGI,51
VOE,51
VOOG,51
VOOV,51
WPS,51
XMPT,51
XXV,51
YXI,51
YYY,51
ZAZA,51
COB,50
EXT,50
KST,50
LLDM,50
WFBI,50
AGF,50
AGOL,50
AGZ,50
AOM,50
AOR,50
AYT,50
BCM,50
BDD,50
BDG,50
BHV,50
BLNG,50
BOI,50
BOM,50
BRAZ,50
BSCJ,50
BSCK,50
BSJH,50
BSJK,50
BSJL,50
CBND,50
CEFL,50
CMDT,50
COBO,50
CROP,50
CSCB,50
CSCR,50
CSI,50
CTNN,50
DCNG,50
DDG,50
DEE,50
DGL,50
DGT,50
DHG,50
DPU,50
DRA,50
DTUL,50
DTUS,50
DTYL,50
DTYS,50
DVHL,50
DXD,50
DXJC,50
ECNS,50
EDOG,50
EEH,50
EET,50
EFG,50
EFO,50
EMSA,50
EMSH,50
EQLT,50
ERH,50
ERW,50
ESR,50
ESTX,50
EUM,50
EWCS,50
EWEM,50
FEEU,50
FEMB,50
FEUZ,50
FFR,50
FIEU,50
FIGY,50
FIVZ,50
FLAT,50
FLTR,50
FMAT,50
FMK,50
FNDE,50
FOIL,50
FTGC,50
FTY,50
FUD,50
FWDD,50
FWDI,50
GHI,50
GLDI,50
GMF,50
GRI,50
GRWN,50
GSP,50
HDLV,50
HECO,50
HEEM,50
HTR,50
IBND,50
IDHQ,50
IFGL,50
IPE,50
IVOP,50
IWY,50
JGBB,50
JGBS,50
JGV,50
JJE,50
JJS,50
JKD,50
JKF,50
JKJ,50
JMM,50
LAG,50
LAQ,50
LBND,50
LDF,50
LEDD,50
LGLV,50
LSC,50
LTL,50
MHY,50
MLPG,50
MLPI,50
MLPL,50
MLPN,50
MLPO,50
MLPW,50
MLPY,50
MOM,50
MORL,50
MZF,50
ONEF,50
ONEK,50
ONG,50
PGD,50
PGM,50
PHDG,50
PLW,50
QAUS,50
QDEU,50
QLTA,50
REW,50
RINF,50
RJI,50
RJN,50
RJZ,50
RODI,50
ROLA,50
RPG,50
RWO,50
RXD,50
SDYL,50
SFLA,50
SHYG,50
SLVO,50
SLYV,50
STIP,50
STPP,50
SYTL,50
SZK,50
TAI,50
TBZ,50
TDTF,50
TENZ,50
TGLS,50
THHY,50
TPS,50
TRF,50
TUZ,50
TWOK,50
TYBS,50
TYNS,50
UAG,50
UBG,50
UBN,50
UBT,50
UCD,50
UCI,50
UDNT,50
USV,50
UUPT,50
VBND,50
WEET,50
WIP,50
XVIX,50
XVZ,50
BBRC,49
BLH,49
CIMT,49
CMCT,49
CVSL,49
DAX,49
DEF,49
EGI,49
FYC,49
GSH,49
IGHG,49
LTRPB,49
METR,49
QEMM,49
SENEB,49
ZBB,49
IPOS,49
JKE,49
LDUR,49
NQM,49
PICB,49
AMOV,48
API,48
EMCB,48
FNDA,48
VTWG,48
NMO,48
BHL,47
CBRX,47
CMCSK,47
DOVR,47
FEMS,47
GAL,47
HIPS,47
INF,47
JXSB,47
KIQ,47
LAS,47
MIW,47
NYH,47
QDEF,47
QQQX,47
ROBO,47
RRST,47
SLQD,47
SPDC,47
SSN,47
USA,47
XRA,47
ADAT,46
ATE,46
BGR,46
CHEV,46
CHOP,46
FNDF,46
JCE,46
LOOK,46
MDIV,46
MOLG,46
SRLN,46
WDIV,46
EWSS,46
GCE,46
LWC,46
NQS,46
BSF,45
CLTX,45
DAKP,45
DOL,45
DTF,45
DTH,45
EIO,45
GVI,45
GXF,45
IAE,45
IDXJ,45
KBA,45
MFRI,45
NOM,45
ONVI,45
PCI,45
SEMI,45
SYG,45
AOK,45
NPP,45
PEX,45
ACSF,44
BGB,44
BLE,44
BWINB,44
CLY,44
DSE,44
FILL,44
FNRG,44
GLV,44
HRT,44
KNOW,44
NIQ,44
ROIAK,44
SMEZ,44
SPPR,44
VIAS,44
VTN,44
FPXI,44
FWDB,44
BLJ,43
DBJP,43
FNFV,43
FXCB,43
GLDC,43
GLRI,43
GVAL,43
IQI,43
ISH,43
KHI,43
NCFT,43
NHF,43
NTX,43
SBSA,43
UNAM,43
YMLI,43
ZMLP,43
EWRI,43
SAA,43
AGNCB,42
AMIC,42
BFY,42
DMO,42
ERC,42
ERS,42
EVBS,42
FTC,42
GLQ,42
HELI,42
IFMI,42
MDW,42
MNP,42
MXF,42
PPHMP,42
SLTC,42
UGLD,42
WDTI,42
XMLV,42
DI,42
KBWI,42
AXPW,41
BAF,41
BICK,41
BME,41
BSDM,41
DGRO,41
EQS,41
FEO,41
FTLS,41
GURU,41
IIF,41
INPH,41
JEQ,41
JPEM,41
MLPX,41
MUE,41
NXN,41
RCPI,41
RLY,41
SMLR,41
TLI,41
TLR,41
VVR,41
BIE,41
BSCH,41
MHG,41
NPF,41
AMSC,40
ANGO,40
ANSS,40
APEI,40
BKT,40
BNJ,40
CAF,40
CARB,40
CARO,40
CHRW,40
CXH,40
EDF,40
FCOM,40
HILO,40
HKOR,40
HPS,40
IJNK,40
ISL,40
ISRL,40
KF,40
MYD,40
NECB,40
NID,40
QKLS,40
RZG,40
SCI,40
SCX,40
SIXD,40
UNF,40
VCIT,40
VIOG,40
XSOE,40
ZFC,40
AKO.B,40
GWX,40
ICI,40
ICSH,40
MUNI,40
BIRT,39
DAEG,39
DGRS,39
DUC,39
ENX,39
EOI,39
FAV,39
FDM,39
FPT,39
MAB,39
MLPJ,39
PARN,39
PBE,39
PFBX,39
PSL,39
SMM,39
SUBK,39
TOLZ,39
HAP,39
JKK,39
NMA,39
VTWV,39
CRF,38
ESBK,38
FLM,38
GGZ,38
IFT,38
JOF,38
MCHI,38
MDYV,38
MGF,38
MOAT,38
NYV,38
OFED,38
QQEW,38
RPX,38
RTGN,38
SCHW,38
TCPI,38
V,38
VO,38
EEML,38
FLGE,38
NPT,38
NXZ,38
RGRC,38
TUSA,38
BNSO,37
CHYR,37
DHRM,37
EIP,37
GNI,37
IOT,37
LBMH,37
LCM,37
LMCB,37
MIL,37
PTF,37
SBIO,37
SEAS,37
TLTE,37
TORM,37
WITE,37
EZY,37
IGS,37
RSCO,37
BBLU,36
BZC,36
CFP,36
ECON,36
EPAX,36
FSGI,36
GQRE,36
HBOS,36
IYLD,36
KBWC,36
LACO,36
MRGR,36
PCN,36
DOD,36
FNY,36
CHII,35
ELSE,35
FIW,35
HCT,35
HDY,35
JKL,35
MTS,35
NNY,35
PUI,35
PULB,35
QLTB,35
TNA,35
TOF,35
UAMY,35
WRN,35
ACIM,35
FBGX,35
LDRI,35
SDD,35
CVY,34
CZFC,34
IGE,34
ISTB,34
NKY,34
OEF,34
PSCD,34
RFG,34
RXI,34
SMIN,34
XHE,34
AOA,34
IBDH,34
MVV,34
RGRI,34
VIOV,34
EDIV,33
HFFC,33
HMPR,33
IPW,33
IYJ,33
NFRA,33
RFV,33
SCD,33
SCHV,33
SUTR,33
CSF,33
MSP,33
ANCI,32
BABS,32
BSCG,32
CHOC,32
CRVP,32
FNK,32
FXC,32
GMM,32
HDGE,32
IBLN,32
IMRS,32
IPF,32
MGN,32
OSGB,32
PFXF,32
PRLS,32
PXLG,32
RUK,32
SKOR,32
TLO,32
UBC,32
UST,32
GRES,32
MMTM,32
RALS,32
SGL,32
AADR,31
ATRM,31
BDCL,31
ESYS,31
GAA,31
GEUR,31
GMOM,31
IEI,31
MCOX,31
MIDU,31
PAGG,31
PFM,31
SKBI,31
SVBL,31
UGE,31
VSCP,31
BSCO,31
DEW,31
IGU,31
DIVY,30
DNL,30
EVAL,30
FDI,30
GDF,30
GRR,30
PERF,30
QWLD,30
SCU,30
SPXS,30
AGZD,30
CDC,30
DXJT,30
EWAS,30
IEIL,30
IFNA,30
ILB,30
JEM,30
JJM,30
JJP,30
MFLA,30
NEAR,30
NQU,30
SYV,30
UBM,30
BIND,29
CAK,29
ETY,29
FEI,29
FPF,29
FV,29
GTAA,29
JRI,29
NEN,29
NMS,29
SSRG,29
URZ,29
PSCM,29
ALTV,28
ASPX,28
DEJ,28
EHI,28
GK,28
HVB,28
HYB,28
IVAN,28
MMU,28
MUH,28
OIA,28
OXLCO,28
PDI,28
PWZ,28
RIVR,28
STK,28
VLU,28
BYLD,28
CAPE,28
FTW,28
GEF.B,28
AVK,27
CYCCP,27
DBAW,27
DFP,27
EVN,27
FYLD,27
GWL,27
IEFA,27
IPKW,27
IVAL,27
MFL,27
MIDZ,27
MQT,27
MUC,27
NSL,27
NUO,27
PCO,27
PHD,27
ROKA,27
SAJA,27
SARA,27
UBOH,27
AXJL,27
CSM,27
DWM,27
EWRS,27
RGRA,27
AND,26
ARPI,26
BKEPP,26
BSD,26
CEMB,26
CIFC,26
CNCO,26
CSG,26
DIVI,26
EXG,26
FFNM,26
GDO,26
HCAC,26
HSPX,26
KTF,26
NMZ,26
PBSK,26
PZI,26
SHY,26
TY,26
VLUE,26
XBKS,26
ZIV,26
ARMF,26
FNDC,26
HVPW,26
IBDD,26
JXI,26
PYZ,26
RWK,26
ASMI,25
BIT,25
BNDX,25
BPOPM,25
BST,25
BTUI,25
CCV,25
CXA,25
DWAT,25
EDI,25
EFR,25
ETV,25
FFA,25
GAI,25
GFY,25
GUT,25
IBCC,25
IID,25
MYN,25
NJV,25
NUW,25
PXF,25
PXLV,25
PXMG,25
QQQE,25
TECU,25
VSCI,25
WIW,25
YDKN,25
IBCE,25
IBDC,25
IBDL,25
ITIP,25
JKI,25
ABCW,24
BYBK,24
EIM,24
EMXX,24
EOT,24
IQDY,24
JQC,24
NRCIB,24
PXSV,24
QCCO,24
RETL,24
SPHQ,24
TMV,24
TWN,24
USBI,24
WAYN,24
ZTR,24
EXI,24
FIEG,24
FYT,24
QMN,24
AMCO,23
BPOPN,23
BXMX,23
CEN,23
CSRE,23
DXPS,23
EGRW,23
ENL,23
EVX,23
FCE.A,23
GGN,23
IIM,23
JTA,23
MARPS,23
NKG,23
NMI,23
NYF,23
PFN,23
PWX,23
RWXL,23
TMF,23
GTIP,23
TILT,23
YPRO,23
ARKW,22
AXX,22
BKYF,22
CKX,22
CTR,22
DHF,22
DISCB,22
EMF,22
EMO,22
ENRJ,22
ETF,22
EVT,22
FOF,22
FONE,22
FTF,22
GCV,22
HNW,22
HPI,22
INY,22
ISDR,22
KCLI,22
MMT,22
NCQ,22
NYMTP,22
SNC,22
SRSC,22
WHZ,22
WIA,22
XSLV,22
CZA,22
FLAG,22
FMF,22
GIVE,22
IBDF,22
MATH,22
MZZ,22
OSMS,22
VTHR,22
WBIC,22
WBIG,22
ATLO,21
BDMS,21
BQH,21
BVA,21
BWINA,21
CFNB,21
COVR,21
CRDT,21
EDD,21
EMIF,21
ETO,21
EVG,21
EXE,21
FIF,21
FMO,21
GTWN,21
HIO,21
HKTV,21
IGA,21
INKM,21
JRS,21
JTD,21
MHD,21
MHE,21
MOKO,21
MSF,21
MYC,21
NRCIA,21
NTL,21
NUV,21
PDN,21
PKO,21
QTWN,21
RTR,21
TEI,21
VIXY,21
XPH,21
AXJV,21
FNDB,21
GGBP,21
ITLY,21
VRD,21
WBID,21
ABCB,20
ANCB,20
ANIP,20
APB,20
AZIA,20
BBK,20
BKN,20
BLDP,20
CARA,20
CCX,20
CNYD,20
DWAS,20
EEA,20
EMCG,20
KSM,20
LBF,20
MAYS,20
MDD,20
MEIL,20
MELR,20
MIE,20
MNE,20
MQY,20
ONFC,20
RGT,20
SAND,20
SBRAP,20
SQQQ,20
VGGL,20
VIDE,20
VMM,20
WHLRP,20
CHEP,20
FTHI,20
HOLD,20
JW.B,20
PXLC,20
PXSG,20
RYJ,20
WBIF,20
APF,19
CGO,19
DOM,19
EAD,19
EDEN,19
HBK,19
IDLV,19
IXJ,19
JAXB,19
JRO,19
KNM,19
LPHI,19
MFI,19
NFO,19
QDYN,19
STRN,19
THTI,19
TPI,19
TYD,19
UMDD,19
WVFC,19
XPL,19
FIBG,19
FNX,19
FTLB,19
RWG,19
WBIA,19
AFCB,18
ASBI,18
BBY,18
CBDE,18
DTO,18
EZM,18
HAWKB,18
HYMB,18
LVNTB,18
NHS,18
PXH,18
PXSC,18
RBPAA,18
RDIB,18
RING,18
RPV,18
SIBC,18
SJB,18
TWTR,18
UCO,18
VCO,18
VXF,18
WGA,18
WIL,18
ZA,18
DBAP,18
GRID,18
IEIS,18
LALT,18
MCRO,18
MYY,18
WBIB,18
BF.A,17
BOS,17
CRRS,17
DBO,17
ESMC,17
GRN,17
HOVNP,17
ICLN,17
ILTB,17
MINC,17
NTRSP,17
PIO,17
QVCB,17
SCHX,17
SLMBP,17
SSLT,17
VBFC,17
ALTS,17
BWV,17
EPRO,17
GGE,17
IELG,17
ITLT,17
JKG,17
PXMV,17
PXR,17
SIZ,17
USMI,17
VUSE,17
ACWV,16
CFRXW,16
CNY,16
CRD.A,16
CRV,16
EMBB,16
EMCD,16
GCVRZ,16
INTG,16
PEOP,16
PIZ,16
QID,16
RAVI,16
RYH,16
SCHE,16
SCHZ,16
DWAQ,16
IRV,16
WMW,16
AMCF,15
BRAF,15
ENY,15
FCLF,15
FNI,15
GOODO,15
GOODP,15
IVW,15
LABC,15
PWC,15
PZT,15
QEFA,15
WHX,15
AFC,15
EFAD,15
FDIV,15
FMLP,15
IBMG,15
IVOV,15
LGCYO,15
PAF,15
TRSK,15
YGRO,15
CHSCO,14
CPGI,14
CWAY,14
EPS,14
GFNCP,14
IBCA,14
IJK,14
JPIN,14
JUNR,14
MDSY,14
RIF,14
SCHA,14
T,14
FTSD,14
IBMI,14
SPY,14
VSPY,14
CBS.A,13
CFRXZ,13
DOO,13
EDS,13
FXZ,13
IFV,13
IOIL,13
IST,13
JTP,13
MOG.B,13
NBTF,13
PBM,13
QLD,13
STRZB,13
UMX,13
VEGA,13
VGLT,13
VRTB,13
VYFC,13
CCZ,13
DVHI,13
QEH,13
ACCU,12
BLVD,12
CBSHP,12
CLAC,12
DDP,12
DNO,12
ESCR,12
GURX,12
IPK,12
JPGE,12
LEN.B,12
MCV,12
NVX,12
PBCP,12
PEZ,12
PSQ,12
RVM,12
TLTD,12
UPV,12
URE,12
USMD,12
AYN,12
CTY,12
FAB,12
GEQ,12
GURI,12
IBME,12
IBMH,12
LGCYP,12
MULT,12
AGND,11
BDCV,11
CBIN,11
DCA,11
EBR.B,11
EWV,11
HBNK,11
HMG,11
TCBIP,11
UPRO,11
WMT,11
CSLS,11
GVT,11
HDGI,11
IBMF,11
PFEM,11
QINC,11
RGRP,11
SPGH,11
TYTE,11
ALLB,10
BA,10
BGCA,10
CHSCN,10
EMEY,10
ESBF,10
FITBI,10
FLTB,10
FWV,10
GM,10
MDVXU,10
NHTB,10
RORO,10
AGM.A,10
AKO.A,10
DBIZ,10
FBG,10
FCE.B,10
GJO,10
GMMB,10
HEI.A,10
HVT.A,10
IPD,10
IPU,10
ISP,10
JHP,10
JYN,10
PYT,10
RTLA,10
SIZE,10
SMDD,10
STZ.B,10
THRK,10
TI.A,10
TOFR,10
ULST,10
UPW,10
VGSH,10
VQTS,10
APAGF,9
DDT,9
EEHB,9
HTWO,9
LEVY,9
QXUS,9
WBII,9
AXJS,9
EMDI,9
FAD,9
FVL,9
KCC,9
KTP,9
PERM,9
TAP.A,9
CHSCM,8
CMSB,8
NVSL,8
PFIG,8
ROIQ,8
SH,8
TNDQ,8
AED,8
AGLS,8
BARL,8
CELGZ,8
EMRE,8
GMTB,8
HFIN,8
KAP,8
MATL,8
SUBD,8
TCHI,8
TLL,8
WMGIZ,8
CFD,7
CTF,7
GULTU,7
HGI,7
IDHB,7
IND,7
IRDMB,7
KME,7
MHNC,7
MKC.V,7
PFX,7
PLMT,7
QEM,7
TDV,7
AFM,7
AMPS,7
BSCF,7
CCXE,7
DCUC,7
EXCU,7
FDTS,7
IESM,7
MLPC,7
MYM,7
NSS,7
NZH,7
AQQ,6
GDEF,6
GGAC,6
ISF,6
PSBH,6
PXMC,6
RIGS,6
TAS,6
VIAB,6
ZIONW,6
EMHZ,6
EWRM,6
FIA,6
FUTS,6
MDLL,6
STXX,6
AIB,5
COBK,5
DBU,5
JBR,5
QDEM,5
QDXU,5
VZA,5
AIW,5
CIG.C,5
CIZ,5
ENGN,5
GLADO,5
GTN.A,5
HUB.A,5
IBCB,5
ISM,5
MONY,5
RFTA,5
AEB,4
APSA,4
DKT,4
GAINO,4
HDRA,4
HDRAU,4
MGH,4
MGR,4
PRY,4
TDD,4
TRTL,4
WLRHU,4
AIY,4
CFGE,4
DUKH,4
JBN,4
SLTB,4
TCRX,4
WSO.B,4
BLVDU,3
CTV,3
DXB,3
GMFS,3
GOODN,3
LEVYU,3
NGHCP,3
NXTDW,3
OGCP,3
WBIH,3
AEH,3
BCHP,3
CRBQ,3
EFFE,3
HJV,3
JSM,3
MFO,3
PFH,3
SCTO,3
TSE,3
UXJ,3
AFA,2
AUMAU,2
CADT,2
HGH,2
HSEA,2
ISG,2
KFI,2
RPRXZ,2
SFB,2
TCCA,2
TDA,2
TFSCU,2
VIEW,2
XGTIW,2
AMSGP,2
APDNW,2
BAC.B,2
CBSTZ,2
CTU,2
IBMD,2
MJI,2
MTGEP,2
MWG,2
NYCC,2
TDI,2
UTLT,2
VALE.P,2
AUMA,1
BPFHW,1
EMQ,1
GALTU,1
IRDMZ,1
KFH,1
RFT,1
ROIQU,1
ROIQW,1
RPRXW,1
SGYPW,1
SMACU,1
SPPRO,1
TROVW,1
AFGE,1
ALTL,1
ARCPP,1
AVV,1
BPFHP,1
BZT,1
CLACU,1
COWNL,1
CSMB,1
CSMN,1
CVB,1
DCUB,1
DTK,1
EAB,1
ESBA,1
EZT,1
GFNSL,1
GJR,1
GJT,1
GSJ,1
GYB,1
GYC,1
IDG,1
INZ,1
IPB,1
JBK,1
JMPB,1
JPW,1
KTN,1
MCQ,1
OXLCP,1
PRH,1
SBNA,1
SGZA,1
SLMAP,1
SMAC,1
TCC,1
TDH,1
TDN,1
TFG,1
TFSC,1
VTRB,1
WHFBL,1
