horizon,test_year,feature_set,feature_count,auc,brier,log_loss,n_train,n_test,train_cutoff,test_start,test_end
5,2015,price_only,11,0.5478256494626608,0.262068225574326,0.7229784818358315,6000,5093,2014-12-23,2015-01-02,2015-12-31
5,2015,price+legacy_news,14,0.5463074079981995,0.26285192227795695,0.7254467794368261,6000,5093,2014-12-23,2015-01-02,2015-12-31
5,2015,price+extended_news,51,0.5360343733886315,0.2642404006698054,0.7284907160484921,6000,5093,2014-12-23,2015-01-02,2015-12-31
5,2015,price+extended_news+causal_state,54,0.538604139076328,0.2627208484719551,0.7255627895640058,6000,5093,2014-12-23,2015-01-02,2015-12-31
5,2016,price_only,11,0.5071114696823908,0.2621916344523624,0.7248866611112728,11088,5292,2015-12-23,2016-01-04,2016-12-30
5,2016,price+legacy_news,14,0.5082805372049718,0.2615408436400583,0.7228667352834437,11088,5292,2015-12-23,2016-01-04,2016-12-30
5,2016,price+extended_news,51,0.5051453668923453,0.26062343943568433,0.7197488698135412,11088,5292,2015-12-23,2016-01-04,2016-12-30
5,2016,price+extended_news+causal_state,54,0.5051292864839001,0.2603492621287685,0.7189455765028172,11088,5292,2015-12-23,2016-01-04,2016-12-30
5,2017,price_only,11,0.5382132365957235,0.25080880107175285,0.6965867522718433,16380,5271,2016-12-22,2017-01-03,2017-12-29
5,2017,price+legacy_news,14,0.5393233274347481,0.2511613554327206,0.6972119079408214,16380,5271,2016-12-22,2017-01-03,2017-12-29
5,2017,price+extended_news,51,0.5381943029277381,0.25183209382262567,0.6988885967613299,16380,5271,2016-12-22,2017-01-03,2017-12-29
5,2017,price+extended_news+causal_state,54,0.5383922319950702,0.25182671862791534,0.6988427876612249,16380,5271,2016-12-22,2017-01-03,2017-12-29
5,2018,price_only,11,0.5370674312259562,0.25105848261232394,0.6962508249808651,21651,5271,2017-12-21,2018-01-02,2018-12-31
5,2018,price+legacy_news,14,0.525793568991798,0.2518961557906894,0.6978443038165525,21651,5271,2017-12-21,2018-01-02,2018-12-31
5,2018,price+extended_news,51,0.5214860274370328,0.25236585283738844,0.6987417797533486,21651,5271,2017-12-21,2018-01-02,2018-12-31
5,2018,price+extended_news+causal_state,54,0.5219795311025621,0.2523416691646044,0.6986238223650227,21651,5271,2017-12-21,2018-01-02,2018-12-31
5,2019,price_only,11,0.5014547723973556,0.25092835138676123,0.6967495016467986,26922,5291,2018-12-21,2019-01-02,2019-12-31
5,2019,price+legacy_news,14,0.5054258573955586,0.2510486539381401,0.6967776628051966,26922,5291,2018-12-21,2019-01-02,2019-12-31
5,2019,price+extended_news,51,0.5050545834666513,0.25089267435769574,0.6967956703698419,26922,5291,2018-12-21,2019-01-02,2019-12-31
5,2019,price+extended_news+causal_state,54,0.5033000882214373,0.2510713209752261,0.6971113518203034,26922,5291,2018-12-21,2019-01-02,2019-12-31
5,2020,price_only,11,0.49401860468239106,0.2531443886783215,0.7018992379221438,32213,4437,2019-12-23,2020-01-02,2020-12-31
5,2020,price+legacy_news,14,0.49372486420797496,0.25412325644899575,0.704679267970184,32213,4437,2019-12-23,2020-01-02,2020-12-31
5,2020,price+extended_news,51,0.4986928548888486,0.2533094027429549,0.703786812040257,32213,4437,2019-12-23,2020-01-02,2020-12-31
5,2020,price+extended_news+causal_state,54,0.4986928548888486,0.2533094027429549,0.703786812040257,32213,4437,2019-12-23,2020-01-02,2020-12-31
5,2021,price_only,11,0.5349131502735845,0.24592396749508671,0.6857958336531385,36675,4032,2020-12-23,2021-01-04,2021-12-31
5,2021,price+legacy_news,14,0.5323344829535817,0.24645104439050652,0.6867533290049148,36675,4032,2020-12-23,2021-01-04,2021-12-31
5,2021,price+extended_news,51,0.5382177745110972,0.24491486554392553,0.6833850370924008,36675,4032,2020-12-23,2021-01-04,2021-12-31
5,2021,price+extended_news+causal_state,54,0.53930771501982,0.24468776336273307,0.6828415337082794,36675,4032,2020-12-23,2021-01-04,2021-12-31
5,2022,price_only,11,0.5254273720000913,0.27057154789888693,0.736830960205972,40707,4016,2021-12-23,2022-01-03,2022-12-30
5,2022,price+legacy_news,14,0.5286790242563062,0.2696059688143541,0.7342287225136821,40707,4016,2021-12-23,2022-01-03,2022-12-30
5,2022,price+extended_news,51,0.5531475227242381,0.2708325045569532,0.7379347631640423,40707,4016,2021-12-23,2022-01-03,2022-12-30
5,2022,price+extended_news+causal_state,54,0.5522319895241657,0.2725157869843677,0.741788171814685,40707,4016,2021-12-23,2022-01-03,2022-12-30
5,2023,price_only,11,0.5084967766608391,0.2512479001786335,0.6960727067847754,44723,3664,2022-12-22,2023-01-03,2023-11-29
5,2023,price+legacy_news,14,0.49044106934731935,0.25882488430997164,0.7126602449056133,44723,3664,2022-12-22,2023-01-03,2023-11-29
5,2023,price+extended_news,51,0.47346648577117323,0.267597081324281,0.7310030037754291,44723,3664,2022-12-22,2023-01-03,2023-11-29
5,2023,price+extended_news+causal_state,54,0.47274032391219895,0.26578061019236987,0.7267640440623951,44723,3664,2022-12-22,2023-01-03,2023-11-29
20,2015,price_only,11,0.5324650983416892,0.29965664544745746,0.8360906538016493,5700,5093,2014-12-02,2015-01-02,2015-12-31
20,2015,price+legacy_news,14,0.5261205553413035,0.3019787372202392,0.8425292209075774,5700,5093,2014-12-02,2015-01-02,2015-12-31
20,2015,price+extended_news,51,0.5309729271114538,0.30025609274749165,0.832501991128437,5700,5093,2014-12-02,2015-01-02,2015-12-31
20,2015,price+extended_news+causal_state,54,0.5385870420362514,0.29745302273557783,0.8278773667403622,5700,5093,2014-12-02,2015-01-02,2015-12-31
20,2016,price_only,11,0.49565996987287464,0.27706636659157746,0.7849119214355302,10773,5292,2015-12-02,2016-01-04,2016-12-30
20,2016,price+legacy_news,14,0.4971548796643798,0.27580911815428844,0.781921864517584,10773,5292,2015-12-02,2016-01-04,2016-12-30
20,2016,price+extended_news,51,0.4987884102297079,0.27323456084735587,0.7663195138502168,10773,5292,2015-12-02,2016-01-04,2016-12-30
20,2016,price+extended_news+causal_state,54,0.4940399382553391,0.2736465977090304,0.7650522119744755,10773,5292,2015-12-02,2016-01-04,2016-12-30
20,2017,price_only,11,0.5309297616983437,0.24851421595531833,0.6969152512759248,16065,5271,2016-12-01,2017-01-03,2017-12-29
20,2017,price+legacy_news,14,0.5312421358294477,0.24852219233205833,0.6978075284989426,16065,5271,2016-12-01,2017-01-03,2017-12-29
20,2017,price+extended_news,51,0.541275130768717,0.24903792356245663,0.6989111378022521,16065,5271,2016-12-01,2017-01-03,2017-12-29
20,2017,price+extended_news+causal_state,54,0.5356873951303369,0.2511336913060064,0.7029916887927904,16065,5271,2016-12-01,2017-01-03,2017-12-29
20,2018,price_only,11,0.500062322596747,0.2725166072535655,0.7502725706004928,21336,5271,2017-11-30,2018-01-02,2018-12-31
20,2018,price+legacy_news,14,0.4996955198914995,0.27062476622985626,0.7445055815284977,21336,5271,2017-11-30,2018-01-02,2018-12-31
20,2018,price+extended_news,51,0.5091415361302465,0.2687435249667573,0.7415393181560955,21336,5271,2017-11-30,2018-01-02,2018-12-31
20,2018,price+extended_news+causal_state,54,0.5107766216916068,0.26783425319509874,0.7383338150409682,21336,5271,2017-11-30,2018-01-02,2018-12-31
20,2019,price_only,11,0.5116114326932704,0.25002983109869736,0.697419088979783,26607,5291,2018-11-29,2019-01-02,2019-12-31
20,2019,price+legacy_news,14,0.49905069543292935,0.25352012988688455,0.7051639217174825,26607,5291,2018-11-29,2019-01-02,2019-12-31
20,2019,price+extended_news,51,0.49367392718224856,0.25674152924641575,0.7115806381941996,26607,5291,2018-11-29,2019-01-02,2019-12-31
20,2019,price+extended_news+causal_state,54,0.4971356775424125,0.25698011129542825,0.7120167133271319,26607,5291,2018-11-29,2019-01-02,2019-12-31
20,2020,price_only,11,0.5193753645881305,0.23945384330881536,0.6728393726528994,31898,4437,2019-12-02,2020-01-02,2020-12-31
20,2020,price+legacy_news,14,0.5255140418514279,0.23812107245555972,0.669697710501132,31898,4437,2019-12-02,2020-01-02,2020-12-31
20,2020,price+extended_news,51,0.5403122628806519,0.23469538154937272,0.6620742496312157,31898,4437,2019-12-02,2020-01-02,2020-12-31
20,2020,price+extended_news+causal_state,54,0.5425603187761243,0.23442245016444074,0.662108283864647,31898,4437,2019-12-02,2020-01-02,2020-12-31
20,2021,price_only,11,0.5548340050688634,0.24672457741930973,0.696800732213582,36435,4032,2020-12-02,2021-01-04,2021-12-31
20,2021,price+legacy_news,14,0.5719435266996671,0.2425171424761923,0.6852779682600764,36435,4032,2020-12-02,2021-01-04,2021-12-31
20,2021,price+extended_news,51,0.5661310153795376,0.24303210595494393,0.6849345826302388,36435,4032,2020-12-02,2021-01-04,2021-12-31
20,2021,price+extended_news+causal_state,54,0.565794189634555,0.24295508612602565,0.6848103431633551,36435,4032,2020-12-02,2021-01-04,2021-12-31
20,2022,price_only,11,0.5169358616019836,0.2977534580326837,0.8000772391210744,40467,4016,2021-12-02,2022-01-03,2022-12-30
20,2022,price+legacy_news,14,0.5126849999236327,0.2970411509575733,0.7976148692869678,40467,4016,2021-12-02,2022-01-03,2022-12-30
20,2022,price+extended_news,51,0.5278501570621986,0.2952026147439563,0.794516163737114,40467,4016,2021-12-02,2022-01-03,2022-12-30
20,2022,price+extended_news+causal_state,54,0.5373186911653149,0.29959627779729736,0.8062632557672841,40467,4016,2021-12-02,2022-01-03,2022-12-30
20,2023,price_only,11,0.5254592793099833,0.24247405689723137,0.6814047800853912,44483,3664,2022-12-01,2023-01-03,2023-11-29
20,2023,price+legacy_news,14,0.5140567651531041,0.2549114402340676,0.7135994604619973,44483,3664,2022-12-01,2023-01-03,2023-11-29
20,2023,price+extended_news,51,0.49718353476300337,0.27235265958097854,0.7480543325948698,44483,3664,2022-12-01,2023-01-03,2023-11-29
20,2023,price+extended_news+causal_state,54,0.49382586383179533,0.27345002481063385,0.7511091536574723,44483,3664,2022-12-01,2023-01-03,2023-11-29
