outer_year,horizon,scope,stage,feature,alpha,median_gain,mean_gain,worst_gain,positive_fold_share,accepted
2018,5,research,family_forward,attention,10.0,-0.15857893521986166,-0.15857893521986166,-0.1731316091998406,0.0,False
2018,5,research,family_forward,sentiment,10.0,-0.09212019295397111,-0.09212019295397111,-0.10604847594345078,0.0,False
2018,5,research,family_forward,source_diffusion_novelty,10.0,-0.11339520961373327,-0.11339520961373327,-0.14639437776057937,0.0,False
2018,5,research,family_forward,events,10.0,-0.052194084101973126,-0.052194084101973126,-0.07498030684966808,0.0,False
2018,5,research,family_forward,causal_state,10.0,-0.05819986413411023,-0.05819986413411023,-0.07219817785401904,0.0,False
2018,5,research,drop_column,has_news,10.0,-0.0024347125132296644,-0.0024347125132296644,-0.010125089840987436,0.5,False
2018,5,research,drop_column,log_count,10.0,0.0015010511080892541,0.0015010511080892541,0.0012273999091889742,1.0,True
2018,5,research,drop_column,news_state_uncovered,10.0,0.0,0.0,0.0,0.0,False
2018,5,research,drop_column,news_state_silent,10.0,-0.0529118724372223,-0.0529118724372223,-0.06640158825375338,0.0,False
2018,5,research,drop_column,news_state_stale,10.0,0.0,0.0,0.0,0.0,False
2018,5,deployable,family_forward,attention,10.0,-0.15857893521986166,-0.15857893521986166,-0.1731316091998406,0.0,False
2018,5,deployable,family_forward,sentiment,10.0,-0.09212019295397111,-0.09212019295397111,-0.10604847594345078,0.0,False
2018,5,deployable,family_forward,source_diffusion_novelty,0.001,-0.10331977744850157,-0.10331977744850157,-0.1258346605881463,0.0,False
2018,5,deployable,family_forward,events,10.0,-0.052194084101973126,-0.052194084101973126,-0.07498030684966808,0.0,False
2018,5,deployable,family_forward,causal_state,10.0,-0.05819986413411023,-0.05819986413411023,-0.07219817785401904,0.0,False
2018,5,deployable,drop_column,has_news,10.0,-0.0024347125132296644,-0.0024347125132296644,-0.010125089840987436,0.5,False
2018,5,deployable,drop_column,log_count,10.0,0.0015010511080892541,0.0015010511080892541,0.0012273999091889742,1.0,True
2018,5,deployable,drop_column,news_state_uncovered,10.0,0.0,0.0,0.0,0.0,False
2018,5,deployable,drop_column,news_state_silent,10.0,-0.0529118724372223,-0.0529118724372223,-0.06640158825375338,0.0,False
2018,5,deployable,drop_column,news_state_stale,10.0,0.0,0.0,0.0,0.0,False
2019,5,research,family_forward,attention,0.001,-0.1730857898774469,-0.21771970389849674,-0.335801079677269,0.0,False
2019,5,research,family_forward,sentiment,10.0,-0.10604847594345078,-0.130843900473662,-0.20829131551304378,0.0,False
2019,5,research,family_forward,source_diffusion_novelty,10.0,-0.14639437776057937,-0.1610626192707272,-0.2563974385847151,0.0,False
2019,5,research,family_forward,events,10.0,-0.07498030684966808,-0.08021127230169663,-0.1362456487011436,0.0,False
2019,5,research,family_forward,causal_state,10.0,-0.05692051636584428,-0.057773414878021574,-0.07219817785401904,0.0,False
2019,5,research,drop_column,has_news,10.0,0.0052556648145281075,0.00188173071572335,-0.010125089840987436,0.6666666666666666,True
2019,5,research,drop_column,log_count,10.0,0.0017614587226762637,0.001587853646284924,0.0012273999091889742,1.0,True
2019,5,research,drop_column,news_state_uncovered,10.0,0.0,0.0,0.0,0.0,False
2019,5,research,drop_column,news_state_silent,10.0,-0.04615973760705803,-0.05066116082716754,-0.06640158825375338,0.0,False
2019,5,research,drop_column,news_state_stale,10.0,0.0,0.0,0.0,0.0,False
2019,5,deployable,family_forward,attention,0.001,-0.1730857898774469,-0.21771970389849674,-0.335801079677269,0.0,False
2019,5,deployable,family_forward,sentiment,10.0,-0.10604847594345078,-0.130843900473662,-0.20829131551304378,0.0,False
2019,5,deployable,family_forward,source_diffusion_novelty,0.001,-0.1258346605881463,-0.14502164889941208,-0.22842539180123309,0.0,False
2019,5,deployable,family_forward,events,10.0,-0.07498030684966808,-0.08021127230169663,-0.1362456487011436,0.0,False
2019,5,deployable,family_forward,causal_state,10.0,-0.05692051636584428,-0.057773414878021574,-0.07219817785401904,0.0,False
2019,5,deployable,drop_column,has_news,10.0,0.0052556648145281075,0.00188173071572335,-0.010125089840987436,0.6666666666666666,True
2019,5,deployable,drop_column,log_count,10.0,0.0017614587226762637,0.001587853646284924,0.0012273999091889742,1.0,True
2019,5,deployable,drop_column,news_state_uncovered,10.0,0.0,0.0,0.0,0.0,False
2019,5,deployable,drop_column,news_state_silent,10.0,-0.04615973760705803,-0.05066116082716754,-0.06640158825375338,0.0,False
2019,5,deployable,drop_column,news_state_stale,10.0,0.0,0.0,0.0,0.0,False
2020,5,research,family_forward,attention,0.001,-0.19164827964993758,-0.21584247027947961,-0.335801079677269,0.0,False
2020,5,research,family_forward,sentiment,10.0,-0.1220018958244391,-0.13262175428160336,-0.20829131551304378,0.0,False
2020,5,research,family_forward,source_diffusion_novelty,0.001,-0.15653992233629666,-0.16248265471435988,-0.25643122926850176,0.0,False
2020,5,research,family_forward,events,10.0,-0.07525598917231865,-0.07904137210001477,-0.1362456487011436,0.0,False
2020,5,research,family_forward,causal_state,10.0,-0.05056103339002285,-0.04916597655793607,-0.07219817785401904,0.0,False
2020,5,research,drop_column,has_news,10.0,-0.0004272160381532204,-0.0001162261859161246,-0.010125089840987436,0.5,False
2020,5,research,drop_column,log_count,10.0,0.001768080514832899,0.0020858993302941085,0.0012273999091889742,1.0,True
2020,5,research,drop_column,news_state_uncovered,10.0,0.0,0.0,0.0,0.0,False
2020,5,research,drop_column,news_state_silent,10.0,-0.04279094711387463,-0.04301910273404624,-0.06640158825375338,0.0,False
2020,5,research,drop_column,news_state_stale,10.0,0.0,0.0,0.0,0.0,False
2020,5,deployable,family_forward,attention,0.001,-0.19164827964993758,-0.21584247027947961,-0.335801079677269,0.0,False
2020,5,deployable,family_forward,sentiment,10.0,-0.1220018958244391,-0.13262175428160336,-0.20829131551304378,0.0,False
2020,5,deployable,family_forward,source_diffusion_novelty,10.0,-0.13558669472560375,-0.1451018623901881,-0.22843622799078303,0.0,False
2020,5,deployable,family_forward,events,10.0,-0.07525598917231865,-0.07904137210001477,-0.1362456487011436,0.0,False
2020,5,deployable,family_forward,causal_state,10.0,-0.05056103339002285,-0.04916597655793607,-0.07219817785401904,0.0,False
2020,5,deployable,drop_column,has_news,10.0,-0.0004272160381532204,-0.0001162261859161246,-0.010125089840987436,0.5,False
2020,5,deployable,drop_column,log_count,10.0,0.001768080514832899,0.0020858993302941085,0.0012273999091889742,1.0,True
2020,5,deployable,drop_column,news_state_uncovered,10.0,0.0,0.0,0.0,0.0,False
2020,5,deployable,drop_column,news_state_silent,10.0,-0.04279094711387463,-0.04301910273404624,-0.06640158825375338,0.0,False
2020,5,deployable,drop_column,news_state_stale,10.0,0.0,0.0,0.0,0.0,False
2021,5,research,family_forward,attention,10.0,-0.21017697177779007,-0.2648036112137284,-0.46087213921251247,0.0,False
2021,5,research,family_forward,sentiment,10.0,-0.11696864720596294,-0.12949113286647526,-0.20829131551304378,0.0,False
2021,5,research,family_forward,source_diffusion_novelty,10.0,-0.14639437776057937,-0.15551204304588567,-0.2563974385847151,0.0,False
2021,5,research,family_forward,events,10.0,-0.07498030684966808,-0.07712642739566988,-0.1362456487011436,0.0,False
2021,5,research,family_forward,causal_state,10.0,-0.05692051636584428,-0.07610434427728487,-0.18385781515468003,0.0,False
2021,5,research,drop_column,has_news,10.0,-0.0015108075372486942,-0.0003951424561826385,-0.010125089840987436,0.4,False
2021,5,research,drop_column,log_count,10.0,0.001774702306989534,0.00215254985560927,0.0012273999091889742,1.0,True
2021,5,research,drop_column,news_state_uncovered,10.0,0.0,0.0,0.0,0.0,False
2021,5,research,drop_column,news_state_silent,10.0,-0.04615973760705803,-0.0664679759510511,-0.16026346881907055,0.0,False
2021,5,research,drop_column,news_state_stale,10.0,0.0,0.0,0.0,0.0,False
2021,5,deployable,family_forward,attention,10.0,-0.21017697177779007,-0.2648036112137284,-0.46087213921251247,0.0,False
2021,5,deployable,family_forward,sentiment,10.0,-0.11696864720596294,-0.12949113286647526,-0.20829131551304378,0.0,False
2021,5,deployable,family_forward,source_diffusion_novelty,10.0,-0.12587122732048947,-0.1412557353762484,-0.22843622799078303,0.0,False
2021,5,deployable,family_forward,events,10.0,-0.07498030684966808,-0.07712642739566988,-0.1362456487011436,0.0,False
2021,5,deployable,family_forward,causal_state,10.0,-0.05692051636584428,-0.07610434427728487,-0.18385781515468003,0.0,False
2021,5,deployable,drop_column,has_news,10.0,-0.0015108075372486942,-0.0003951424561826385,-0.010125089840987436,0.4,False
2021,5,deployable,drop_column,log_count,10.0,0.001774702306989534,0.00215254985560927,0.0012273999091889742,1.0,True
2021,5,deployable,drop_column,news_state_uncovered,10.0,0.0,0.0,0.0,0.0,False
2021,5,deployable,drop_column,news_state_silent,10.0,-0.04615973760705803,-0.0664679759510511,-0.16026346881907055,0.0,False
2021,5,deployable,drop_column,news_state_stale,10.0,0.0,0.0,0.0,0.0,False
2022,5,research,family_forward,attention,10.0,-0.24150885464465283,-0.2661431322633596,-0.46087213921251247,0.0,False
2022,5,research,family_forward,sentiment,10.0,-0.12746198145569518,-0.13232500302453423,-0.20829131551304378,0.0,False
2022,5,research,family_forward,source_diffusion_novelty,0.001,-0.15653992233629666,-0.1580062822879686,-0.25643122926850176,0.0,False
2022,5,research,family_forward,events,10.0,-0.07525598917231865,-0.08537125044652723,-0.1362456487011436,0.0,False
2022,5,research,family_forward,causal_state,10.0,-0.06455934710993166,-0.09771605176186364,-0.20577458918475744,0.0,False
2022,5,research,drop_column,has_news,10.0,-0.003810452214041621,-0.004924778014061703,-0.027572955803457023,0.3333333333333333,False
2022,5,research,drop_column,log_count,10.0,0.001768080514832899,0.0016480047728053202,-0.00087472064121443,0.8333333333333334,True
2022,5,research,drop_column,news_state_uncovered,10.0,0.0,0.0,0.0,0.0,False
2022,5,research,drop_column,news_state_silent,10.0,-0.04396112591333082,-0.06235039899580985,-0.16026346881907055,0.0,False
2022,5,research,drop_column,news_state_stale,10.0,0.0,-0.021085409603626707,-0.12651245762176025,0.0,False
2022,5,deployable,family_forward,attention,10.0,-0.24150885464465283,-0.2661431322633596,-0.46087213921251247,0.0,False
2022,5,deployable,family_forward,sentiment,10.0,-0.12746198145569518,-0.13232500302453423,-0.20829131551304378,0.0,False
2022,5,deployable,family_forward,source_diffusion_novelty,10.0,-0.13558788801182692,-0.1502108991973902,-0.22843622799078303,0.0,False
2022,5,deployable,family_forward,events,10.0,-0.07525598917231865,-0.08537125044652723,-0.1362456487011436,0.0,False
2022,5,deployable,family_forward,causal_state,10.0,-0.06455934710993166,-0.09771605176186364,-0.20577458918475744,0.0,False
2022,5,deployable,drop_column,has_news,10.0,-0.003810452214041621,-0.004924778014061703,-0.027572955803457023,0.3333333333333333,False
2022,5,deployable,drop_column,log_count,10.0,0.001768080514832899,0.0016480047728053202,-0.00087472064121443,0.8333333333333334,True
2022,5,deployable,drop_column,news_state_uncovered,10.0,0.0,0.0,0.0,0.0,False
2022,5,deployable,drop_column,news_state_silent,10.0,-0.04396112591333082,-0.06235039899580985,-0.16026346881907055,0.0,False
2022,5,deployable,drop_column,news_state_stale,10.0,0.0,-0.021085409603626707,-0.12651245762176025,0.0,False
2023,5,research,family_forward,attention,10.0,-0.27284073751151555,-0.28966826858416245,-0.46087213921251247,0.0,False
2023,5,research,family_forward,sentiment,10.0,-0.1379553157054274,-0.14763323508597775,-0.2394826274546388,0.0,False
2023,5,research,family_forward,source_diffusion_novelty,0.001,-0.1666592734679054,-0.16818743206426942,-0.25643122926850176,0.0,False
2023,5,research,family_forward,events,10.0,-0.07553167149496921,-0.1043416119288898,-0.21816378082306523,0.0,False
2023,5,research,family_forward,causal_state,10.0,-0.07219817785401904,-0.09950452512548878,-0.20577458918475744,0.0,False
2023,5,research,drop_column,has_news,10.0,-0.0015108075372486942,0.0032987460951634157,-0.027572955803457023,0.42857142857142855,False
2023,5,research,drop_column,log_count,10.0,0.001774702306989534,0.0025206643592799696,-0.00087472064121443,0.8571428571428571,True
2023,5,research,drop_column,news_state_uncovered,10.0,0.0,0.0,0.0,0.0,False
2023,5,research,drop_column,news_state_silent,10.0,-0.041762514219603614,-0.05753254430996964,-0.16026346881907055,0.0,False
2023,5,research,drop_column,news_state_stale,10.0,0.0,-0.02608678515102816,-0.12651245762176025,0.0,False
2023,5,deployable,family_forward,attention,10.0,-0.27284073751151555,-0.28966826858416245,-0.46087213921251247,0.0,False
2023,5,deployable,family_forward,sentiment,10.0,-0.1379553157054274,-0.14763323508597775,-0.2394826274546388,0.0,False
2023,5,deployable,family_forward,source_diffusion_novelty,10.0,-0.14530454870316437,-0.16988819616218845,-0.28795197795097793,0.0,False
2023,5,deployable,family_forward,events,10.0,-0.07553167149496921,-0.1043416119288898,-0.21816378082306523,0.0,False
2023,5,deployable,family_forward,causal_state,10.0,-0.07219817785401904,-0.09950452512548878,-0.20577458918475744,0.0,False
2023,5,deployable,drop_column,has_news,10.0,-0.0015108075372486942,0.0032987460951634157,-0.027572955803457023,0.42857142857142855,False
2023,5,deployable,drop_column,log_count,10.0,0.001774702306989534,0.0025206643592799696,-0.00087472064121443,0.8571428571428571,True
2023,5,deployable,drop_column,news_state_uncovered,10.0,0.0,0.0,0.0,0.0,False
2023,5,deployable,drop_column,news_state_silent,10.0,-0.041762514219603614,-0.05753254430996964,-0.16026346881907055,0.0,False
2023,5,deployable,drop_column,news_state_stale,10.0,0.0,-0.02608678515102816,-0.12651245762176025,0.0,False
2018,20,research,family_forward,attention,10.0,-0.0667726287169487,-0.0667726287169487,-0.07588377834323141,0.0,False
2018,20,research,family_forward,sentiment,10.0,-0.04579116855714235,-0.04579116855714235,-0.056718367330605556,0.0,False
2018,20,research,family_forward,source_diffusion_novelty,10.0,-0.04916407899127137,-0.04916407899127137,-0.06263620609296483,0.0,False
2018,20,research,family_forward,events,10.0,-0.021925534502280207,-0.021925534502280207,-0.03841016312535766,0.0,False
2018,20,research,family_forward,causal_state,10.0,-0.027482994371712588,-0.027482994371712588,-0.03207093990248227,0.0,False
2018,20,research,drop_column,has_news,10.0,-0.003598684312224763,-0.003598684312224763,-0.009657522458084065,0.5,False
2018,20,research,drop_column,log_count,10.0,-0.0018710861221087572,-0.0018710861221087572,-0.003304060553141473,0.0,False
2018,20,research,drop_column,news_state_uncovered,10.0,0.0,0.0,0.0,0.0,False
2018,20,research,drop_column,news_state_silent,10.0,-0.026414937052367873,-0.026414937052367873,-0.03095923542148949,0.0,False
2018,20,research,drop_column,news_state_stale,10.0,0.0,0.0,0.0,0.0,False
2018,20,deployable,family_forward,attention,10.0,-0.0667726287169487,-0.0667726287169487,-0.07588377834323141,0.0,False
2018,20,deployable,family_forward,sentiment,10.0,-0.04579116855714235,-0.04579116855714235,-0.056718367330605556,0.0,False
2018,20,deployable,family_forward,source_diffusion_novelty,10.0,-0.04339081818063849,-0.04339081818063849,-0.051423336855606634,0.0,False
2018,20,deployable,family_forward,events,10.0,-0.021925534502280207,-0.021925534502280207,-0.03841016312535766,0.0,False
2018,20,deployable,family_forward,causal_state,10.0,-0.027482994371712588,-0.027482994371712588,-0.03207093990248227,0.0,False
2018,20,deployable,drop_column,has_news,10.0,-0.003598684312224763,-0.003598684312224763,-0.009657522458084065,0.5,False
2018,20,deployable,drop_column,log_count,10.0,-0.0018710861221087572,-0.0018710861221087572,-0.003304060553141473,0.0,False
2018,20,deployable,drop_column,news_state_uncovered,10.0,0.0,0.0,0.0,0.0,False
2018,20,deployable,drop_column,news_state_silent,10.0,-0.026414937052367873,-0.026414937052367873,-0.03095923542148949,0.0,False
2018,20,deployable,drop_column,news_state_stale,10.0,0.0,0.0,0.0,0.0,False
2019,20,research,family_forward,attention,0.001,-0.0758763780369217,-0.12085406437045342,-0.22885946964899775,0.0,False
2019,20,research,family_forward,sentiment,10.0,-0.056718367330605556,-0.08087409069999474,-0.1510399349856995,0.0,False
2019,20,research,family_forward,source_diffusion_novelty,10.0,-0.06263620609296483,-0.08400055446319488,-0.1536735054070419,0.0,False
2019,20,research,family_forward,events,10.0,-0.03841016312535766,-0.04014216309431708,-0.07657542027839084,0.0,False
2019,20,research,family_forward,causal_state,10.0,-0.027127488803115517,-0.027364492515513567,-0.03207093990248227,0.0,False
2019,20,research,drop_column,has_news,10.0,0.0016786904253382237,-0.0018395593997037674,-0.009657522458084065,0.6666666666666666,True
2019,20,research,drop_column,log_count,10.0,-0.003304060553141473,-0.0034975851760977034,-0.006750583284075595,0.0,False
2019,20,research,drop_column,news_state_uncovered,10.0,0.0,0.0,0.0,0.0,False
2019,20,research,drop_column,news_state_silent,10.0,-0.023396644036051354,-0.025408839380262366,-0.03095923542148949,0.0,False
2019,20,research,drop_column,news_state_stale,10.0,0.0,0.0,0.0,0.0,False
2019,20,deployable,family_forward,attention,0.001,-0.0758763780369217,-0.12085406437045342,-0.22885946964899775,0.0,False
2019,20,deployable,family_forward,sentiment,10.0,-0.056718367330605556,-0.08087409069999474,-0.1510399349856995,0.0,False
2019,20,deployable,family_forward,source_diffusion_novelty,0.001,-0.05135475242938992,-0.07831358414143977,-0.14815061131631702,0.0,False
2019,20,deployable,family_forward,events,10.0,-0.03841016312535766,-0.04014216309431708,-0.07657542027839084,0.0,False
2019,20,deployable,family_forward,causal_state,10.0,-0.027127488803115517,-0.027364492515513567,-0.03207093990248227,0.0,False
2019,20,deployable,drop_column,has_news,10.0,0.0016786904253382237,-0.0018395593997037674,-0.009657522458084065,0.6666666666666666,True
2019,20,deployable,drop_column,log_count,10.0,-0.003304060553141473,-0.0034975851760977034,-0.006750583284075595,0.0,False
2019,20,deployable,drop_column,news_state_uncovered,10.0,0.0,0.0,0.0,0.0,False
2019,20,deployable,drop_column,news_state_silent,10.0,-0.023396644036051354,-0.025408839380262366,-0.03095923542148949,0.0,False
2019,20,deployable,drop_column,news_state_stale,10.0,0.0,0.0,0.0,0.0,False
2020,20,research,family_forward,attention,10.0,-0.0667726287169487,-0.10415113219419465,-0.22887221776751232,0.0,False
2020,20,research,family_forward,sentiment,10.0,-0.04682653011151258,-0.06988924124810096,-0.1510399349856995,0.0,False
2020,20,research,family_forward,source_diffusion_novelty,10.0,-0.05185595746070565,-0.07326934305450777,-0.1536735054070419,0.0,False
2020,20,research,family_forward,events,10.0,-0.023861625557297164,-0.03243489431804698,-0.07657542027839084,0.0,False
2020,20,research,family_forward,causal_state,10.0,-0.025011268822029212,-0.022281150615211538,-0.03207093990248227,0.0,False
2020,20,research,drop_column,has_news,10.0,0.0020694221294863817,-0.0006114997955663815,-0.009657522458084065,0.75,True
2020,20,research,drop_column,log_count,10.0,-0.0020387295754359888,-0.0028165385315059035,-0.006750583284075595,0.0,False
2020,20,research,drop_column,news_state_uncovered,10.0,0.0,0.0,0.0,0.0,False
2020,20,research,drop_column,news_state_silent,10.0,-0.022633641359648803,-0.02073995921104921,-0.03095923542148949,0.0,False
2020,20,research,drop_column,news_state_stale,10.0,0.0,0.0,0.0,0.0,False
2020,20,deployable,family_forward,attention,10.0,-0.0667726287169487,-0.10415113219419465,-0.22887221776751232,0.0,False
2020,20,deployable,family_forward,sentiment,10.0,-0.04682653011151258,-0.06988924124810096,-0.1510399349856995,0.0,False
2020,20,deployable,family_forward,source_diffusion_novelty,0.001,-0.05000404167043601,-0.07089852083395035,-0.14815061131631702,0.0,False
2020,20,deployable,family_forward,events,10.0,-0.023861625557297164,-0.03243489431804698,-0.07657542027839084,0.0,False
2020,20,deployable,family_forward,causal_state,10.0,-0.025011268822029212,-0.022281150615211538,-0.03207093990248227,0.0,False
2020,20,deployable,drop_column,has_news,10.0,0.0020694221294863817,-0.0006114997955663815,-0.009657522458084065,0.75,True
2020,20,deployable,drop_column,log_count,10.0,-0.0020387295754359888,-0.0028165385315059035,-0.006750583284075595,0.0,False
2020,20,deployable,drop_column,news_state_uncovered,10.0,0.0,0.0,0.0,0.0,False
2020,20,deployable,drop_column,news_state_silent,10.0,-0.022633641359648803,-0.02073995921104921,-0.03095923542148949,0.0,False
2020,20,deployable,drop_column,news_state_stale,10.0,0.0,0.0,0.0,0.0,False
2021,20,research,family_forward,attention,0.001,-0.0758763780369217,-0.12979828440572796,-0.23224056183251393,0.0,False
2021,20,research,family_forward,sentiment,10.0,-0.056718367330605556,-0.07303836454089734,-0.1510399349856995,0.0,False
2021,20,research,family_forward,source_diffusion_novelty,10.0,-0.06263620609296483,-0.07641257803017497,-0.1536735054070419,0.0,False
2021,20,research,family_forward,events,10.0,-0.03841016312535766,-0.033944461220358726,-0.07657542027839084,0.0,False
2021,20,research,family_forward,causal_state,10.0,-0.027127488803115517,-0.028088626116669284,-0.05131852812250028,0.0,False
2021,20,research,drop_column,has_news,10.0,0.0016786904253382237,-0.00018824748864091717,-0.009657522458084065,0.8,True
2021,20,research,drop_column,log_count,10.0,-0.0007733985977305045,-0.002239921736813372,-0.006750583284075595,0.2,False
2021,20,research,drop_column,news_state_uncovered,10.0,0.0,0.0,0.0,0.0,False
2021,20,research,drop_column,news_state_silent,10.0,-0.023396644036051354,-0.025900963000820613,-0.04654497815990622,0.0,False
2021,20,research,drop_column,news_state_stale,10.0,0.0,0.0,0.0,0.0,False
2021,20,deployable,family_forward,attention,0.001,-0.0758763780369217,-0.12979828440572796,-0.23224056183251393,0.0,False
2021,20,deployable,family_forward,sentiment,10.0,-0.056718367330605556,-0.07303836454089734,-0.1510399349856995,0.0,False
2021,20,deployable,family_forward,source_diffusion_novelty,0.001,-0.05135475242938992,-0.07746790542158785,-0.14815061131631702,0.0,False
2021,20,deployable,family_forward,events,10.0,-0.03841016312535766,-0.033944461220358726,-0.07657542027839084,0.0,False
2021,20,deployable,family_forward,causal_state,10.0,-0.027127488803115517,-0.028088626116669284,-0.05131852812250028,0.0,False
2021,20,deployable,drop_column,has_news,10.0,0.0016786904253382237,-0.00018824748864091717,-0.009657522458084065,0.8,True
2021,20,deployable,drop_column,log_count,10.0,-0.0007733985977305045,-0.002239921736813372,-0.006750583284075595,0.2,False
2021,20,deployable,drop_column,news_state_uncovered,10.0,0.0,0.0,0.0,0.0,False
2021,20,deployable,drop_column,news_state_silent,10.0,-0.023396644036051354,-0.025900963000820613,-0.04654497815990622,0.0,False
2021,20,deployable,drop_column,news_state_stale,10.0,0.0,0.0,0.0,0.0,False
2022,20,research,family_forward,attention,10.0,-0.09503882093887303,-0.1271640000884797,-0.23218560821958484,0.0,False
2022,20,research,family_forward,sentiment,10.0,-0.06016308936731213,-0.0714666056847509,-0.1510399349856995,0.0,False
2022,20,research,family_forward,source_diffusion_novelty,10.0,-0.062328393456890965,-0.07401391182861533,-0.1536735054070419,0.0,False
2022,20,research,family_forward,events,10.0,-0.03919644597748166,-0.03695937267994646,-0.07657542027839084,0.0,False
2022,20,research,family_forward,causal_state,10.0,-0.029599214352798893,-0.06352432535424755,-0.2407028215421389,0.0,False
2022,20,research,drop_column,has_news,10.0,0.001591726082199582,-0.002434972344551738,-0.013668596624105843,0.6666666666666666,True
2022,20,research,drop_column,log_count,10.0,-0.0007681008723610695,-0.0019937353051764158,-0.006750583284075595,0.16666666666666666,False
2022,20,research,drop_column,news_state_uncovered,10.0,0.0,0.0,0.0,0.0,False
2022,20,research,drop_column,news_state_silent,10.0,-0.022633641359648803,-0.024798034388152132,-0.04654497815990622,0.0,False
2022,20,research,drop_column,news_state_stale,10.0,0.0,-0.033220518937366585,-0.19932311362419952,0.0,False
2022,20,deployable,family_forward,attention,10.0,-0.09503882093887303,-0.1271640000884797,-0.23218560821958484,0.0,False
2022,20,deployable,family_forward,sentiment,10.0,-0.06016308936731213,-0.0714666056847509,-0.1510399349856995,0.0,False
2022,20,deployable,family_forward,source_diffusion_novelty,0.001,-0.06902763331409027,-0.07900667355112165,-0.14815061131631702,0.0,False
2022,20,deployable,family_forward,events,10.0,-0.03919644597748166,-0.03695937267994646,-0.07657542027839084,0.0,False
2022,20,deployable,family_forward,causal_state,10.0,-0.029599214352798893,-0.06352432535424755,-0.2407028215421389,0.0,False
2022,20,deployable,drop_column,has_news,10.0,0.001591726082199582,-0.002434972344551738,-0.013668596624105843,0.6666666666666666,True
2022,20,deployable,drop_column,log_count,10.0,-0.0007681008723610695,-0.0019937353051764158,-0.006750583284075595,0.16666666666666666,False
2022,20,deployable,drop_column,news_state_uncovered,10.0,0.0,0.0,0.0,0.0,False
2022,20,deployable,drop_column,news_state_silent,10.0,-0.022633641359648803,-0.024798034388152132,-0.04654497815990622,0.0,False
2022,20,deployable,drop_column,news_state_stale,10.0,0.0,-0.033220518937366585,-0.19932311362419952,0.0,False
2023,20,research,family_forward,attention,10.0,-0.11419386353451466,-0.15593228334102954,-0.3285419828563287,0.0,False
2023,20,research,family_forward,sentiment,10.0,-0.06360781140401871,-0.08878131379620897,-0.1926695624649574,0.0,False
2023,20,research,family_forward,source_diffusion_novelty,10.0,-0.06263620609296483,-0.08305212377121686,-0.1536735054070419,0.0,False
2023,20,research,family_forward,events,10.0,-0.03998272882960567,-0.0578307570469458,-0.18305906324894186,0.0,False
2023,20,research,family_forward,causal_state,10.0,-0.03207093990248227,-0.0761686134374157,-0.2407028215421389,0.0,False
2023,20,research,drop_column,has_news,10.0,0.0016786904253382237,0.0036654123295342986,-0.013668596624105843,0.7142857142857143,True
2023,20,research,drop_column,log_count,10.0,-0.0007628031469916345,2.1759592124749693e-05,-0.006750583284075595,0.2857142857142857,False
2023,20,research,drop_column,news_state_uncovered,10.0,0.0,0.0,0.0,0.0,False
2023,20,research,drop_column,news_state_silent,10.0,-0.021870638683246253,-0.023836193772542858,-0.04654497815990622,0.0,False
2023,20,research,drop_column,news_state_stale,10.0,0.0,-0.04369759405608099,-0.19932311362419952,0.0,False
2023,20,deployable,family_forward,attention,10.0,-0.11419386353451466,-0.15593228334102954,-0.3285419828563287,0.0,False
2023,20,deployable,family_forward,sentiment,10.0,-0.06360781140401871,-0.08878131379620897,-0.1926695624649574,0.0,False
2023,20,deployable,family_forward,source_diffusion_novelty,10.0,-0.08668234624281816,-0.09993403707507002,-0.2255917333470026,0.0,False
2023,20,deployable,family_forward,events,10.0,-0.03998272882960567,-0.0578307570469458,-0.18305906324894186,0.0,False
2023,20,deployable,family_forward,causal_state,10.0,-0.03207093990248227,-0.0761686134374157,-0.2407028215421389,0.0,False
2023,20,deployable,drop_column,has_news,10.0,0.0016786904253382237,0.0036654123295342986,-0.013668596624105843,0.7142857142857143,True
2023,20,deployable,drop_column,log_count,10.0,-0.0007628031469916345,2.1759592124749693e-05,-0.006750583284075595,0.2857142857142857,False
2023,20,deployable,drop_column,news_state_uncovered,10.0,0.0,0.0,0.0,0.0,False
2023,20,deployable,drop_column,news_state_silent,10.0,-0.021870638683246253,-0.023836193772542858,-0.04654497815990622,0.0,False
2023,20,deployable,drop_column,news_state_stale,10.0,0.0,-0.04369759405608099,-0.19932311362419952,0.0,False
