model,alpha_strength,total_return,cagr,benchmark_cagr,annual_return,annual_volatility,sharpe,sortino,certainty_equivalent,max_drawdown,daily_es95,average_one_way_turnover,annual_turnover,total_transaction_cost,optimizer_success_rate,maximum_weight,maximum_change,minimum_active_trade,n_days,period,scope,strategy,transaction_cost_bps,rebalance_sessions,turnover_penalty_multiplier
quantile_hgb,0.0,0.63017211047524,0.1769133421157314,0.14007748650178153,0.19712593840423956,0.2501688903222348,0.7879714306216401,0.6783650926039326,0.009372517349064496,-0.27475814549630484,-0.03588371724689078,0.005895127177556224,1.4855720487441684,0.011141790365581264,1.0,0.20000000000001425,0.05000000000000003,0.010201147299069794,756,validation_tuning,all,ml,25.0,5,0.5
quantile_hgb,0.0,0.7266865626199654,0.19969588650509884,0.14007748650178153,0.21284505767553294,0.24028160644137933,0.8858150269086869,0.8037796540539115,0.039639306493383236,-0.23957436120078912,-0.035681136478659614,0.002773262453288922,0.6988621382288084,0.005241466036716063,1.0,0.20000000000000018,0.050000000000000044,1.5198285232058608e-05,756,validation_tuning,all,ml,25.0,5,1.0
quantile_hgb,0.0,0.6985866798157776,0.193152360252399,0.14007748650178153,0.20791696949669652,0.24217757147123675,0.8585310697171256,0.7782166454897231,0.03196704112557855,-0.24268118951651063,-0.03573296018966969,0.0014122694634974271,0.35589190480135163,0.002669189286010137,1.0,0.20000000000000046,0.05000000000000002,0.01026762786647202,756,validation_tuning,all,ml,25.0,5,2.0
quantile_hgb,0.0,0.6093739588988571,0.17188678421629722,0.14007748650178153,0.19645859695314055,0.2642757132850004,0.743384984231508,0.6640336123000711,-0.013066360943746635,-0.2713271611975109,-0.03908405184880479,0.0010083107745344373,0.2540943151826782,0.0019057073638700866,1.0,0.20000000000000068,0.05000000000000003,1.2888312126262097e-05,756,validation_tuning,all,ml,25.0,5,4.0
quantile_hgb,0.0,0.640096581587229,0.17929685715885824,0.14007748650178153,0.19823900302936098,0.24721293565272293,0.8018957523640308,0.6983075063796642,0.014896296367249012,-0.269653980259703,-0.03557047698259025,0.004135725961461528,1.042202942288305,0.007816522067162289,1.0,0.20000000000000406,0.050000000000000044,0.010200013764897098,756,validation_tuning,all,ml,25.0,10,0.5
quantile_hgb,0.0,0.7140689176146215,0.19676650734100232,0.14007748650178153,0.20833586640746224,0.23316834951855034,0.8934997688907496,0.8302248690298106,0.04523342875584771,-0.22227638298826669,-0.03492259434307803,0.002008868044288027,0.5062347471605828,0.003796760603704371,1.0,0.20000000000000037,0.05000000000000002,0.010562311192319693,756,validation_tuning,all,ml,25.0,10,1.0
quantile_hgb,0.0,0.751948190804899,0.2055181488190858,0.14007748650178153,0.2165891946848836,0.23725763184492987,0.9128861019166076,0.8648712744334185,0.04771564307889076,-0.22221185382350472,-0.035333743340749256,0.0012531990404270974,0.3158061581876285,0.0023685461864072143,1.0,0.2000000000000005,0.05000000000000002,0.011772951193407294,756,validation_tuning,all,ml,25.0,10,2.0
quantile_hgb,0.0,0.7328478318404497,0.2011211355161575,0.14007748650178153,0.21986100612861303,0.2615045759140549,0.8407539537697104,0.7675907735206986,0.014707076456643903,-0.25474115603802927,-0.03903514439850591,0.0009094658611821383,0.22918539701789886,0.0017188904776342417,1.0,0.20000000000000007,0.05000000000000007,0.012464831294530977,756,validation_tuning,all,ml,25.0,10,4.0
quantile_hgb,0.0,0.5968692136834493,0.16884372426818017,0.14007748650178153,0.19060217078029904,0.2514122013323352,0.7581261759382434,0.6547564138266297,0.0009778858439870863,-0.276149961668137,-0.03626064593470162,0.00293580126106921,0.739821917789441,0.005548664383420807,1.0,0.20000000000000645,0.05000000000000601,0.010062915774369541,756,validation_tuning,all,ml,25.0,20,0.5
quantile_hgb,0.0,0.6315633303414137,0.17724804699177832,0.14007748650178153,0.1943771299452826,0.24197682306204152,0.8032882136627002,0.7333372328154508,0.018718781247686972,-0.23973791285139634,-0.03601918878047456,0.0016454059288449822,0.41464229406893555,0.0031098172055170166,1.0,0.2000000000000007,0.05000000000000003,0.011130486647813903,756,validation_tuning,all,ml,25.0,20,1.0
quantile_hgb,0.0,0.6467689536881374,0.18089392993436104,0.14007748650178153,0.1998981643087886,0.2500309529054452,0.7994936706271906,0.7203461003582253,0.012351732076373745,-0.25548531150845577,-0.03686428669532731,0.0011181901748575204,0.28178392406409514,0.002113379430480714,1.0,0.2000000000000001,0.05000000000000003,0.010908587384266373,756,validation_tuning,all,ml,25.0,20,2.0
quantile_hgb,0.0,0.7452847045812847,0.20398782207279265,0.14007748650178153,0.22184920016308537,0.2609699736559714,0.8500947333333537,0.7837820717958027,0.017533218713090132,-0.2470427957303929,-0.03956401100392276,0.0008094615323814138,0.20398430616011629,0.0015298822962008722,1.0,0.20000000000000007,0.05000000000000003,0.010515699315192762,756,validation_tuning,all,ml,25.0,20,4.0
quantile_hgb,0.0025,0.5634915085053944,0.16064260582664747,0.14007748650178153,0.18361004171874964,0.25178113036452554,0.7292446477340114,0.6312689776750827,-0.006571171104164941,-0.2740704936177272,-0.03661104728983206,0.009749745027367772,2.4569357468966784,0.01842701810172509,1.0,0.2000000000000036,0.05000000000000003,0.01010180226151954,756,validation_tuning,all,ml,25.0,5,0.5
quantile_hgb,0.0025,0.7500441227368728,0.20508125981896996,0.14007748650178153,0.21649711547953165,0.23782373549021688,0.910325939642965,0.8438756265760528,0.04681672799196973,-0.22872791800163605,-0.03541682346065668,0.003983970824995748,1.0039606478989285,0.007529704859241965,1.0,0.20000000000000676,0.05000000000000003,0.01007777937524601,756,validation_tuning,all,ml,25.0,5,1.0
quantile_hgb,0.0025,0.7761688092735766,0.21104815702109025,0.14007748650178153,0.22018726525206844,0.23436490170681085,0.9395061446851007,0.9125072420371899,0.05540654379593912,-0.20703535697954,-0.03512072527116733,0.0014641069704202083,0.3689549565458925,0.0027671621740941936,1.0,0.2000000000000004,0.05000000000000004,0.010164262076724856,756,validation_tuning,all,ml,25.0,5,2.0
quantile_hgb,0.0025,0.6712508062845026,0.1867171261076539,0.14007748650178153,0.20964663307263814,0.26697284750028283,0.7852732404647107,0.7038064033691209,-0.004176870834589702,-0.2678961844335044,-0.03970470285519294,0.0009966116094278887,0.251146125575828,0.0018835959418187099,1.0,0.20000000000000023,0.050000000000000044,0.012355884068140588,756,validation_tuning,all,ml,25.0,5,4.0
quantile_hgb,0.0025,0.6430844774765438,0.1800125627017748,0.14007748650178153,0.1989270736176163,0.24874619143947502,0.7997190729491803,0.7048020053117157,0.013303070350684454,-0.2592897117474666,-0.036322633660079644,0.006121086616005286,1.542513827233332,0.011568853704249992,1.0,0.20000000000000015,0.050000000000000044,0.01014275298738948,756,validation_tuning,all,ml,25.0,10,0.5
quantile_hgb,0.0025,0.6947020046735457,0.19224208441445145,0.14007748650178153,0.20731543287809143,0.2425888266020511,0.8545959671018853,0.7693541827555478,0.030767416501611355,-0.24494006514174937,-0.03557038443275867,0.0026726679381297155,0.6735123204086882,0.0050513424030651614,1.0,0.20000000000000326,0.05000000000000093,0.010166463445469929,756,validation_tuning,all,ml,25.0,10,1.0
quantile_hgb,0.0025,0.7251778593807827,0.19934637074715567,0.14007748650178153,0.21305718992925637,0.24279467153700002,0.8775200402072585,0.8153246095688166,0.03620943234897722,-0.23376866824143028,-0.03621954045639166,0.0011584816985365416,0.2919373880312085,0.002189530410234064,1.0,0.2000000000000001,0.05000000000000002,0.010164262076724856,756,validation_tuning,all,ml,25.0,10,2.0
quantile_hgb,0.0025,0.7140548460198226,0.19676323239305593,0.14007748650178153,0.2172665563088109,0.26532030852750055,0.818884002942018,0.7488419201313584,0.006081957957426637,-0.2556483289816882,-0.03964031626215202,0.0008387222589606215,0.2113580092580766,0.0015851850694355747,1.0,0.20000000000000015,0.05000000000000002,0.010131556427613389,756,validation_tuning,all,ml,25.0,10,4.0
quantile_hgb,0.0025,0.7121686289459084,0.19632408196109763,0.14007748650178153,0.20986415626655533,0.24065167578358804,0.8720660497510138,0.808197413477554,0.03612446909420783,-0.2283686901412154,-0.03578352785324758,0.004305032252930114,1.0848681277383887,0.008136510958037916,1.0,0.2000000000000001,0.050000000000000044,0.01025389990519189,756,validation_tuning,all,ml,25.0,20,0.5
quantile_hgb,0.0025,0.6059968688326429,0.17106651937622686,0.14007748650178153,0.192325947318809,0.25176987867855577,0.7638957778756326,0.6703548629470222,0.002161731889364943,-0.26721463788685573,-0.036757523975090606,0.0020690891546882,0.5214104669814263,0.003910578502360698,1.0,0.20000000000000012,0.05,0.010333243517829764,756,validation_tuning,all,ml,25.0,20,1.0
quantile_hgb,0.0025,0.6622807077308446,0.18459016199358325,0.14007748650178153,0.20493827045286808,0.25706799299217425,0.7972142625282288,0.7205490394037042,0.006686411389794394,-0.2583755345426135,-0.03820692144626346,0.001127258109556788,0.2840690436083106,0.0021305178270623294,1.0,0.20000000000000004,0.05000000000000002,0.010164262076724856,756,validation_tuning,all,ml,25.0,20,2.0
quantile_hgb,0.0025,0.8297047489578306,0.223095415803652,0.14007748650178153,0.2367350084338938,0.2592241838366652,0.9132443004741347,0.8680389113447723,0.035143475976538247,-0.24681139449187728,-0.03962764459520364,0.0006571329937100464,0.16559751441493167,0.0012419813581119876,1.0,0.2000000000000008,0.05000000000000003,0.01245365413245167,756,validation_tuning,all,ml,25.0,20,4.0
quantile_hgb,0.005,0.4994658330511621,0.14457834452839524,0.14007748650178153,0.17374890476662186,0.2654007514377812,0.6546662126062383,0.5704583995613618,-0.037563771824594916,-0.28893228484280387,-0.03808307571799376,0.017316916069567333,4.3638628495309675,0.03272897137148225,1.0,0.20000000000000007,0.050000000000000044,0.004593720880275727,756,validation_tuning,all,ml,25.0,5,0.5
quantile_hgb,0.005,0.6176854465173243,0.17390069424547594,0.14007748650178153,0.19497519104501704,0.2538598499419195,0.7680426467187518,0.686151326623057,0.0016407208074153412,-0.25764099700915166,-0.03735091577136541,0.009428464545429083,2.375973065448129,0.017819797990860968,1.0,0.20000000000000878,0.05000000000000049,0.010381915735843891,756,validation_tuning,all,ml,25.0,5,1.0
quantile_hgb,0.005,0.6873393418007254,0.19051300570380936,0.14007748650178153,0.20604867289483347,0.24453397159603774,0.8426177825108867,0.792376685693556,0.026658083101238128,-0.23390769656522603,-0.03605857031702403,0.0024086765432615393,0.606986488901908,0.00455239866676431,1.0,0.20000000000001025,0.050000000000000044,0.01048276055062709,756,validation_tuning,all,ml,25.0,5,2.0
quantile_hgb,0.005,0.6004890593429868,0.16972625132830355,0.14007748650178153,0.196580891696001,0.27077108645160736,0.7260039994378581,0.6460543157671818,-0.023370052078550446,-0.2781290110891139,-0.04022038294427838,0.0010356580295928196,0.2609858234573905,0.001957393675930429,1.0,0.20000000000000012,0.05000000000000002,0.010446606420778645,756,validation_tuning,all,ml,25.0,5,4.0
quantile_hgb,0.005,0.5590536119692491,0.15954342216906703,0.14007748650178153,0.18747561353850084,0.26775437619214726,0.7001775888957409,0.6099280448848721,-0.02760160437163689,-0.2916286808231421,-0.03838555496932575,0.010820937904410037,2.7268763519113293,0.020451572639334975,1.0,0.2000000000000001,0.05000000000000007,0.010012230332845859,756,validation_tuning,all,ml,25.0,10,0.5
quantile_hgb,0.005,0.6297424088526016,0.17680992440277454,0.14007748650178153,0.1950932287921293,0.24701083083553013,0.789816495625774,0.7345601484195222,0.012050177141952612,-0.23320884459877678,-0.0369014343294655,0.005732863366878945,1.4446815684534942,0.010835111763401207,1.0,0.20000000000000007,0.050000000000000044,0.01116213504348783,756,validation_tuning,all,ml,25.0,10,1.0
quantile_hgb,0.005,0.6544267822928316,0.182721569845385,0.14007748650178153,0.20030664981829674,0.24666417154320852,0.8120622000557091,0.7422742681093313,0.01777700924900455,-0.24568916964273912,-0.036399286931175646,0.0015977792299363535,0.4026403659439611,0.0030198027445797085,1.0,0.20000000000000656,0.05000000000000002,0.010781637591275412,756,validation_tuning,all,ml,25.0,10,2.0
quantile_hgb,0.005,0.7111378880483468,0.1960839678224655,0.14007748650178153,0.21598901907346896,0.26319094435410695,0.820655207585217,0.7549719867940031,0.00818059950344907,-0.2509564071619972,-0.0397226355851975,0.0008071208869310199,0.20339446350661702,0.0015254584762996277,1.0,0.2000000000000037,0.05000000000000002,0.010128421224679066,756,validation_tuning,all,ml,25.0,10,4.0
quantile_hgb,0.005,0.7204468524665728,0.19824903255594362,0.14007748650178153,0.21187767819475248,0.2434120351534053,0.8704486532936675,0.8382290240628496,0.03412942162218463,-0.21565407341286535,-0.036784647937470785,0.006342003451084785,1.5981848696733658,0.011986386522550243,1.0,0.2000000000000001,0.050000000000000044,0.010162565775472615,756,validation_tuning,all,ml,25.0,20,0.5
quantile_hgb,0.005,0.6712424303279307,0.1867151435790233,0.14007748650178153,0.20519826023780122,0.25304588799747635,0.8109132373644723,0.75335934145428,0.013101595940507194,-0.24185227703899947,-0.03754966720010095,0.0038529197860000886,0.9709357860720224,0.007282018395540168,1.0,0.20000000000000012,0.05000000000000043,0.010220413620685848,756,validation_tuning,all,ml,25.0,20,1.0
quantile_hgb,0.005,0.6617781967839063,0.1844707819323843,0.14007748650178153,0.20253803895744538,0.24999021860461068,0.8101838547442667,0.7434773431880631,0.015052710763502258,-0.24240359126415356,-0.03727766726515248,0.001380923099694002,0.34799262112288853,0.002609944658421664,1.0,0.20000000000000326,0.050000000000000044,0.010741202917936149,756,validation_tuning,all,ml,25.0,20,2.0
quantile_hgb,0.005,0.843975993792444,0.22626713116186803,0.14007748650178153,0.23838752456130657,0.2564331067800389,0.929628500604599,0.8960253481920566,0.04111370980271811,-0.23864179742636416,-0.039492591975069796,0.0005927815945697312,0.14938096183157226,0.0011203572137367921,1.0,0.1942484064892909,0.05000000000000003,0.011540845593713182,756,validation_tuning,all,ml,25.0,20,4.0
quantile_hgb,0.01,0.5156213521568871,0.14867430149786576,0.14007748650178153,0.1886982891685916,0.3002325636898913,0.6285070708169321,0.5566191141461135,-0.08172048773082236,-0.32192575113111865,-0.043247487737435794,0.026737020879516106,6.737729261638059,0.05053296946228544,1.0,0.20000000000000184,0.05000000000000336,0.005741719239933885,756,validation_tuning,all,ml,25.0,5,0.5
quantile_hgb,0.01,0.49643642740048466,0.1438070187809668,0.14007748650178153,0.18406499863057713,0.29868731304451085,0.6162464577233231,0.5416142667052051,-0.08357733429067171,-0.3236438950090734,-0.04270205493897781,0.020527547223964118,5.172941900438958,0.038797064253292185,1.0,0.20000000000000007,0.050000000000000044,0.010005936855279243,756,validation_tuning,all,ml,25.0,5,1.0
quantile_hgb,0.01,0.5408200814813524,0.15500529884723857,0.14007748650178153,0.18576366625901397,0.2764287039629071,0.6720129407543035,0.6048269532438073,-0.04347481886482363,-0.28673461935690825,-0.04038282206471156,0.01045266450478976,2.6340714552070197,0.019755535914052647,1.0,0.20000000000000037,0.050000000000000044,0.010410501793860993,756,validation_tuning,all,ml,25.0,5,2.0
quantile_hgb,0.01,0.5211450201768599,0.1500680539882555,0.14007748650178153,0.18167930571691687,0.2743328664001335,0.6622586207076079,0.5753001064659637,-0.04409625904502362,-0.30727614298042627,-0.03895899233649818,0.0016949143596554897,0.4271184186331834,0.003203388139748876,1.0,0.2000000000000001,0.05000000000000002,0.010090240880010783,756,validation_tuning,all,ml,25.0,5,4.0
quantile_hgb,0.01,0.6393878881827928,0.17912697279118972,0.14007748650178153,0.20782793329792404,0.28424310217183135,0.7311626270258175,0.6979819530537511,-0.03455449009887443,-0.26388919337344685,-0.04212908564237699,0.017198641352675882,4.334057620874322,0.03250543215655742,1.0,0.20000000000000007,0.050000000000000044,0.01030283872721304,756,validation_tuning,all,ml,25.0,10,0.5
quantile_hgb,0.01,0.5622344191307362,0.16033145976073282,0.14007748650178153,0.19140260425789268,0.28294208331581766,0.6764727325636132,0.6463344368033206,-0.048766063275392596,-0.2646582991733063,-0.04163573466949191,0.013006704898120343,3.2776896343263267,0.024582672257447452,1.0,0.20000000000000012,0.05000000000000502,0.01008447163016242,756,validation_tuning,all,ml,25.0,10,1.0
quantile_hgb,0.01,0.6416675656117199,0.17967327102967445,0.14007748650178153,0.20149030477322694,0.2626453372355321,0.7671573647337846,0.7503976040314642,-0.005457414741472155,-0.23224223330271077,-0.0390959416011041,0.006824677908932163,1.719818833050905,0.01289864124788179,1.0,0.20000000000000004,0.050000000000000044,0.01007101897960741,756,validation_tuning,all,ml,25.0,10,2.0
quantile_hgb,0.01,0.47586136175881255,0.13854059730142643,0.14007748650178153,0.17096359697344665,0.27311236984876774,0.6259826205166592,0.5480893313628658,-0.05280750271978368,-0.30003038498257717,-0.039043276455068825,0.0013902649794101528,0.3503467748113585,0.0026276008110851894,1.0,0.20000000000000018,0.05000000000000002,0.010104517857876527,756,validation_tuning,all,ml,25.0,10,4.0
quantile_hgb,0.01,0.6995107539947225,0.19336868939645346,0.14007748650178153,0.2138625745586146,0.26678373832387153,0.8016327228273133,0.7983557065822322,0.00034188545643473733,-0.24232109314803707,-0.04081427241106885,0.010029713160656931,2.5274877164855467,0.018956157873641605,1.0,0.20000000000000004,0.05000000000000002,0.010768479214458962,756,validation_tuning,all,ml,25.0,20,0.5
quantile_hgb,0.01,0.6924614679588303,0.19171643836554875,0.14007748650178153,0.21306640163820934,0.2685814829676909,0.7933026479857519,0.7864484766840534,-0.003341637341162773,-0.24911499100975154,-0.040900190291778535,0.007832012102710218,1.973667049882975,0.014802502874122315,1.0,0.20000000000000004,0.05000000000000002,0.01003024452800976,756,validation_tuning,all,ml,25.0,20,1.0
quantile_hgb,0.01,0.7589575244233675,0.20712372043951066,0.14007748650178153,0.22425785303749532,0.26243393943913845,0.8545306811945464,0.8428459403322206,0.01764313532885911,-0.23996576102098122,-0.03951607551434708,0.004528914079726651,1.141286348091116,0.00855964761068337,1.0,0.20000000000000004,0.05000000000000002,0.010137278221094023,756,validation_tuning,all,ml,25.0,20,2.0
quantile_hgb,0.01,0.6367829627637924,0.17850211231003832,0.14007748650178153,0.19695337352879203,0.24982904072029238,0.7883525988850122,0.7612829518673914,0.009709724767127476,-0.22092798071566244,-0.03778878285914553,0.0010654217701837046,0.26848628608629355,0.0020136471456472013,1.0,0.2,0.05000000000000002,0.011148829524168541,756,validation_tuning,all,ml,25.0,20,4.0
quantile_hgb,0.02,0.6422342889343768,0.17980900119702747,0.14007748650178153,0.24039304494888314,0.3617815713101102,0.6644701223402676,0.5934109752726147,-0.1522646710699539,-0.38945197066890547,-0.05192734122584888,0.03413773066140592,8.602708126674292,0.06452031095005718,1.0,0.20000000000000007,0.05000000000000126,0.010336118108512331,756,validation_tuning,all,ml,25.0,5,0.5
quantile_hgb,0.02,0.5741512904598578,0.1632743620489001,0.14007748650178153,0.22658992087499802,0.3622432433686128,0.6255186950289748,0.5575657614633354,-0.16707058122363816,-0.3910278937009395,-0.05223351090628468,0.029497110519943623,7.433271851025793,0.05574953888269345,1.0,0.20000000000000007,0.05000000000000143,0.010508879548443201,756,validation_tuning,all,ml,25.0,5,1.0
quantile_hgb,0.02,0.524342381535122,0.15087328287834567,0.14007748650178153,0.21063695243775626,0.35256951134024583,0.5974338269836438,0.5428315114560744,-0.162278828542343,-0.36806826800917136,-0.05162042533135717,0.02262816896934595,5.70229858027518,0.04276723935206385,1.0,0.20000000000000234,0.05000000000000232,0.010124213919178254,756,validation_tuning,all,ml,25.0,5,2.0
quantile_hgb,0.02,0.5951970008963907,0.16843558437780626,0.14007748650178153,0.21225544921503955,0.32250484256973777,0.6581465491301635,0.6193212807262581,-0.09977267122775449,-0.3117306409395948,-0.04804137562780646,0.01310028550915781,3.301271948307768,0.02475953961230826,1.0,0.2000000000000001,0.050000000000000044,0.010023782647214994,756,validation_tuning,all,ml,25.0,5,4.0
quantile_hgb,0.02,0.7708608999282505,0.20984058640899428,0.14007748650178153,0.2507697671244989,0.33529573680527763,0.7479062200845487,0.7344178324746925,-0.08649992623488306,-0.30243574228630865,-0.050395078825349666,0.021496213373347263,5.417045770083511,0.04062784327562633,1.0,0.20000000000000007,0.050000000000000044,0.010283178686651892,756,validation_tuning,all,ml,25.0,10,0.5
quantile_hgb,0.02,0.7321966303699019,0.20097065685794546,0.14007748650178153,0.2453264569571454,0.3396964611111034,0.7221931490093071,0.7046647919788148,-0.10085460011707681,-0.30851316156819286,-0.05082005015077288,0.01897121626141067,4.780746497875489,0.03585559873406617,1.0,0.2000000000000001,0.050000000000000044,0.01013588757040919,756,validation_tuning,all,ml,25.0,10,1.0
quantile_hgb,0.02,0.6576367351823724,0.18348598925394777,0.14007748650178153,0.22548149985836607,0.32830790226650103,0.6867988808729114,0.6918188447097077,-0.0978767362135251,-0.29838959943851817,-0.049318436311250206,0.014748307542936337,3.716573500819957,0.027874301256149675,1.0,0.20000000000000007,0.05000000000000111,0.010058857992914054,756,validation_tuning,all,ml,25.0,10,2.0
quantile_hgb,0.02,0.7027224357364148,0.19411994651272857,0.14007748650178153,0.2281640341750748,0.31098321835395343,0.7336860020381683,0.7523470249111472,-0.061967652118273264,-0.28519772538734245,-0.04633928192418667,0.00858103326519781,2.1624203828298483,0.016218152871223863,1.0,0.20000000000000004,0.050000000000000044,0.010432590671674274,756,validation_tuning,all,ml,25.0,10,4.0
quantile_hgb,0.02,0.9957035207610003,0.2590181989669178,0.14007748650178153,0.2806500395360127,0.3128280854843715,0.8971382448013403,0.9663918500622294,-0.012934193667439031,-0.3172722781029267,-0.04883162294534821,0.012586188195354222,3.171719425229264,0.023787895689219477,1.0,0.20000000000000007,0.050000000000000044,0.010567930916466446,756,validation_tuning,all,ml,25.0,20,0.5
quantile_hgb,0.02,0.9714152303026788,0.2538897988143747,0.14007748650178153,0.2758623168268359,0.3109057036477584,0.8872861243464835,0.9592248899566069,-0.014124752855287415,-0.30760266489150456,-0.04846001003825821,0.011321751718750337,2.853081433125085,0.02139811074843814,1.0,0.20000000000000004,0.05000000000000006,0.011211426961596244,756,validation_tuning,all,ml,25.0,20,1.0
quantile_hgb,0.02,0.8439196475638644,0.22625464071873513,0.14007748650178153,0.2560823880102839,0.3173355419612756,0.8069766986312978,0.8455448465008507,-0.046023150565285664,-0.30962317341050394,-0.04879600974206819,0.009414453548860922,2.372442294312952,0.017793317207347142,1.0,0.20000000000000007,0.05000000000000003,0.01074878273331419,756,validation_tuning,all,ml,25.0,20,2.0
quantile_hgb,0.02,0.9205656222429424,0.2430150403858582,0.14007748650178153,0.26076521926518414,0.289563026930606,0.9005473593411384,0.9576154110367806,0.00922497956953966,-0.2747774186156504,-0.04394932966078918,0.005449571463889196,1.3732920089000775,0.010299690066750581,1.0,0.2,0.050000000000000044,0.010402492665719076,756,validation_tuning,all,ml,25.0,20,4.0
quantile_hgb,0.03,0.7719050796269424,0.21007833193387837,0.14007748650178153,0.27686010319160653,0.38788287770313606,0.7137724274684273,0.655221654553621,-0.1744992772541915,-0.40539707168278316,-0.05628142943816774,0.03547967601298106,8.940878355271229,0.0670565876645342,1.0,0.20000000000000648,0.05000000000000182,0.010398570891980596,756,validation_tuning,all,ml,25.0,5,0.5
quantile_hgb,0.03,0.748873153191647,0.20481242311120673,0.14007748650178153,0.2727106426612282,0.3884366302034572,0.7020724140212691,0.6481479502651962,-0.17993840439022385,-0.4053962590186031,-0.05633041639470676,0.03226091863786508,8.129751496742001,0.06097313622556501,1.0,0.20000000000060195,0.05000000000045253,0.01000688789598909,756,validation_tuning,all,ml,25.0,5,1.0
quantile_hgb,0.03,0.7215005861459258,0.19849361584922387,0.14007748650178153,0.2658589148565267,0.3851107754447932,0.6903440043957907,0.6363895499735279,-0.17907201323454314,-0.40135459836498677,-0.05591107629003835,0.027295793237462656,6.878539895840589,0.05158904921880442,1.0,0.20000000000000007,0.05000000000000049,0.010484918282659595,756,validation_tuning,all,ml,25.0,5,2.0
quantile_hgb,0.03,0.5873602459341105,0.16651904381783278,0.14007748650178153,0.2322354323548168,0.3737542738376133,0.6213586000509982,0.5808259443295282,-0.18684133928082802,-0.3732289567093252,-0.055201157414614066,0.019382640327340626,4.884425362489838,0.03663319021867378,1.0,0.2000000000000026,0.050000000000000176,0.010791387411318742,756,validation_tuning,all,ml,25.0,5,4.0
quantile_hgb,0.03,0.875711386069792,0.23326196668357801,0.14007748650178153,0.28100815339326707,0.36460729068622916,0.7707145758505823,0.7727109188093462,-0.11780727587139012,-0.34543532742712013,-0.05503385710887943,0.0221648745681584,5.585548391175917,0.041891612933819385,1.0,0.20000000000000676,0.05000000000000676,0.01119228452334202,756,validation_tuning,all,ml,25.0,10,0.5
quantile_hgb,0.03,0.9690748482085936,0.2533934137428162,0.14007748650178153,0.2952757433777721,0.3612048409258154,0.8174744907098743,0.8361584442383635,-0.09613106794695864,-0.34140828645456045,-0.054518906018701054,0.020281728136216145,5.110995490326469,0.038332466177448524,1.0,0.20000000000000007,0.050000000000000044,0.010207760080980621,756,validation_tuning,all,ml,25.0,10,1.0
quantile_hgb,0.03,0.9698461359173705,0.2535570440114723,0.14007748650178153,0.2958050825871228,0.36141666941692735,0.8184599870956268,0.8252957555466168,-0.09606094421015082,-0.33900043151515125,-0.054182411039643295,0.017132934741259497,4.317499554797393,0.032381246660980446,1.0,0.20000000000000004,0.050000000000000044,0.010146876161172533,756,validation_tuning,all,ml,25.0,10,2.0
quantile_hgb,0.03,0.9124182303334729,0.24125484969386934,0.14007748650178153,0.27960309008573353,0.34780872312822314,0.8038990154443455,0.84662719312141,-0.08330963356652138,-0.33386854439149316,-0.05215932144304443,0.012925840243191877,3.257311741284353,0.02442983805963265,1.0,0.2000000000000001,0.050000000000000475,0.0102487848060267,756,validation_tuning,all,ml,25.0,10,4.0
quantile_hgb,0.03,1.3257798984421756,0.32491963883184494,0.14007748650178153,0.33822815080578517,0.3345744088284642,1.0109205661906864,1.1800519383999912,0.00240804567703623,-0.34484700914323796,-0.0518647737334725,0.012578415520324297,3.169760711121723,0.02377320533341292,1.0,0.20000000000000004,0.050000000000000044,0.010076640467510972,756,validation_tuning,all,ml,25.0,20,0.5
quantile_hgb,0.03,1.2756943661828544,0.3153398508005525,0.14007748650178153,0.3323036194854674,0.3381811218263363,0.982620252990091,1.1345107078945715,-0.010795793993690572,-0.33900131857447136,-0.052433004756282015,0.011777779935970376,2.968000543864535,0.02226000407898401,1.0,0.20000000000000004,0.05000000000000007,0.011688940084186167,756,validation_tuning,all,ml,25.0,20,1.0
quantile_hgb,0.03,1.2371876291337123,0.30787870834208486,0.14007748650178153,0.3269979797759073,0.3389677044793943,0.9646877134744422,1.1002564359439766,-0.01769933426418263,-0.3375811061064675,-0.05237327408538655,0.01069446444469595,2.695005040063379,0.02021253780047534,1.0,0.20000000000000007,0.050000000000000044,0.010452533571383245,756,validation_tuning,all,ml,25.0,20,2.0
quantile_hgb,0.03,1.13873002211329,0.28840377494825575,0.14007748650178153,0.3095934912546373,0.3315642137731328,0.933736146405931,1.0555154392563453,-0.020210992310349785,-0.32959302257711787,-0.050903993594392516,0.008306547958118991,2.093250085445986,0.015699375640844896,1.0,0.2,0.05000000000000002,0.01106105043686098,756,validation_tuning,all,ml,25.0,20,4.0
quantile_hgb,0.05,0.9535959132492178,0.25010045342023846,0.14007748650178153,0.31509664510277235,0.4041951236388781,0.7795656767603426,0.7429649872871454,-0.17502444881757157,-0.3967981427588252,-0.05913639692065462,0.03460150481573907,8.719579213566247,0.06539684410174684,1.0,0.2000000000000001,0.05000000000000007,0.010216633102871742,756,validation_tuning,all,ml,25.0,5,0.5
quantile_hgb,0.05,0.9323157870670407,0.24554484135475296,0.14007748650178153,0.3117891086505111,0.4045761855653996,0.7706561082303509,0.7301355924835404,-0.17925656112943478,-0.3993595374624339,-0.05909242243299797,0.03293145320793468,8.298726208399541,0.06224044656299656,1.0,0.20000000000000884,0.05000000000000686,0.010530431594061168,756,validation_tuning,all,ml,25.0,5,1.0
quantile_hgb,0.05,0.9370509960504376,0.24656142881345056,0.14007748650178153,0.3128813100472554,0.40496557803373084,0.7726121108031422,0.7273992477966186,-0.17911004812932585,-0.40052140398238434,-0.05934945215213749,0.030735495721383465,7.745344921788633,0.058090086913414746,1.0,0.2000000000000002,0.05000000000000138,2.47670721854225e-05,756,validation_tuning,all,ml,25.0,5,2.0
quantile_hgb,0.05,0.8238755905956072,0.22179516930356602,0.14007748650178153,0.29206435024853367,0.4034490303651354,0.7239188305501819,0.6854512988348412,-0.19624901005917017,-0.39985756372936465,-0.05900671838969542,0.02593235709452026,6.534953987819105,0.04901215490864329,1.0,0.20000000000000295,0.050000000000002515,0.010219410705398418,756,validation_tuning,all,ml,25.0,5,4.0
quantile_hgb,0.05,1.1448383899488426,0.2896292005498238,0.14007748650178153,0.32568117196509405,0.369517995312807,0.8813675547503339,0.9482415463034874,-0.08394947461489288,-0.3687377041809896,-0.05659721785665572,0.021731122984849832,5.476242992182158,0.04107182244136619,1.0,0.20000000000000007,0.05000000000000007,0.010494159710743592,756,validation_tuning,all,ml,25.0,10,0.5
quantile_hgb,0.05,1.1870580861662612,0.2980361049099547,0.14007748650178153,0.33282257627828066,0.371113269147004,0.8968220862683415,0.9601232939219783,-0.08035259933264927,-0.3743594570853692,-0.05674651926885682,0.021026988748110972,5.298801164523964,0.03974100873392974,1.0,0.20000000000000007,0.050000000000000044,0.011577070924213312,756,validation_tuning,all,ml,25.0,10,1.0
quantile_hgb,0.05,1.1830410927357495,0.29724091217624693,0.14007748650178153,0.3311479083513552,0.36871996579455685,0.8981013752205217,0.9656085928108269,-0.0767153311752623,-0.3736922762675181,-0.05628722417507448,0.019208719500348515,4.840597314087826,0.0363044798556587,1.0,0.20000000000000007,0.05000000000000007,3.270319750246428e-05,756,validation_tuning,all,ml,25.0,10,2.0
quantile_hgb,0.05,1.0716583518197629,0.2747921438570333,0.14007748650178153,0.3171510887469318,0.3744527089630667,0.8469723443186875,0.8788630750118727,-0.10349340500240561,-0.3703866274697666,-0.05605553077389444,0.015748474365105066,3.9686155400064766,0.029764616550048573,1.0,0.20000000000000182,0.05000000000000168,0.00046575539868530324,756,validation_tuning,all,ml,25.0,10,4.0
quantile_hgb,0.05,1.5039185265009247,0.3579175392931846,0.14007748650178153,0.3695712757433457,0.35408997736136777,1.0437213684988842,1.2541300242566544,-0.006567860459976094,-0.35561959694669254,-0.05438086280802413,0.01217054745233551,3.0669779579885486,0.02300233468491411,1.0,0.2000000000000001,0.05000000000000007,0.012444408642939053,756,validation_tuning,all,ml,25.0,20,0.5
quantile_hgb,0.05,1.5731480278980357,0.3703187188741697,0.14007748650178153,0.3784532837791053,0.35353358530912965,1.0704874996478366,1.2867348874654216,0.003495295954522415,-0.3588909197486355,-0.05439089932379051,0.011552925649900741,2.911337263774987,0.021835029478312402,1.0,0.20000000000000007,0.05000000000000007,0.010022270271636768,756,validation_tuning,all,ml,25.0,20,1.0
quantile_hgb,0.05,1.5593038683560958,0.36785674939545787,0.14007748650178153,0.3768782782866529,0.3540071684749539,1.064606346561361,1.2639437546117696,0.0009150522916897552,-0.3575892241152294,-0.05446116692946272,0.01098917386571374,2.7692718141598625,0.02076953860619897,1.0,0.2000000000000012,0.05000000000000057,0.011822100709773894,756,validation_tuning,all,ml,25.0,20,2.0
quantile_hgb,0.05,1.4350875900436053,0.3453590230272805,0.14007748650178153,0.36006811055068216,0.3531307316496066,1.0196453558960117,1.197611485421387,-0.01403583035547723,-0.35291364225178523,-0.054209877442100124,0.009749841098383961,2.4569599567927582,0.01842719967594569,1.0,0.20000000000000004,0.050000000000000044,0.011139807260436063,756,validation_tuning,all,ml,25.0,20,4.0
