model,eta,residual_cap,mean_rank_ic,median_rank_ic,positive_ic_years,mean_top_bottom_spread,mean_best_iteration,mean_rule_slope
xgb_03,1.0,0.5,0.02632878507642596,0.036456383558099235,2,-0.0010695415047734583,28.666666666666668,-0.0021830907836411016
xgb_03,1.0,0.25,0.02608540909150812,0.036456383558099235,2,-0.0011914586367254927,28.666666666666668,-0.0021830907836411016
xgb_13,1.0,0.5,0.025872028760946048,0.037253108318601985,2,-0.0013360323402016822,31.0,-0.0021830907836411016
xgb_13,1.0,0.25,0.025859723721046446,0.037253108318601985,2,-0.0013183541391229693,31.0,-0.0021830907836411016
xgb_01,1.0,0.5,0.025320873300640093,0.037148101253786,2,-0.0007747183388843506,26.666666666666668,-0.0021830907836411016
xgb_13,0.75,0.5,0.025296313745104843,0.03688058761441501,2,-0.0014031207400927793,31.0,-0.0021830907836411016
xgb_13,0.75,0.25,0.02523696402227417,0.03688058761441501,2,-0.0014297429316580427,31.0,-0.0021830907836411016
xgb_28,1.0,0.5,0.025082809355551034,0.03625245605245214,2,-0.0012381757809904863,30.333333333333332,-0.0021830907836411016
xgb_26,1.0,0.5,0.02507862621784486,0.03606666546272231,2,-0.0012400375259714264,244.33333333333334,-0.0021830907836411016
xgb_07,1.0,0.5,0.025058343546992823,0.035328814611683135,2,-0.0013961751513454077,177.33333333333334,-0.0021830907836411016
xgb_25,1.0,0.5,0.025023601242500405,0.03619917585174545,2,-0.0013903215415398873,127.33333333333333,-0.0021830907836411016
xgb_04,1.0,0.5,0.024995854638961312,0.035646429845191625,2,-0.0011398564137087871,211.0,-0.0021830907836411016
xgb_07,1.0,0.25,0.024992467394160153,0.035328814611683135,2,-0.0013961751513454077,177.33333333333334,-0.0021830907836411016
xgb_24,1.0,0.5,0.024990158342021868,0.03703330620423759,2,-0.0012578282823716626,31.0,-0.0021830907836411016
xgb_10,1.0,0.5,0.02492260767868874,0.036045064798160366,2,-0.0009973434618435536,106.66666666666667,-0.0021830907836411016
xgb_03,0.75,0.5,0.024919104770125433,0.036430513024134,2,-0.0012049092591100974,28.666666666666668,-0.0021830907836411016
xgb_25,0.75,0.5,0.02491727148315663,0.036628647047494294,2,-0.001309462238049794,127.33333333333333,-0.0021830907836411016
xgb_18,1.0,0.5,0.024908904932395285,0.0367451102844061,2,-0.0014696783038748032,34.666666666666664,-0.0021830907836411016
xgb_04,1.0,0.25,0.02490244510955771,0.035646429845191625,2,-0.0011664786052740506,211.0,-0.0021830907836411016
xgb_26,1.0,0.25,0.02482246384026641,0.03606666546272231,2,-0.0012666597175366898,244.33333333333334,-0.0021830907836411016
xgb_18,1.0,0.25,0.02481071359226511,0.0367451102844061,2,-0.0015589237980983067,34.666666666666664,-0.0021830907836411016
xgb_10,1.0,0.25,0.024782969270104305,0.036045064798160366,2,-0.001141029936227407,106.66666666666667,-0.0021830907836411016
xgb_03,0.75,0.25,0.024776888450238576,0.036430513024134,2,-0.0013315321528043326,28.666666666666668,-0.0021830907836411016
xgb_24,1.0,0.25,0.024774990102893468,0.03703330620423759,2,-0.001386179189548086,31.0,-0.0021830907836411016
xgb_10,0.75,0.5,0.024685376669536203,0.035848448665289245,2,-0.001268342870481958,106.66666666666667,-0.0021830907836411016
xgb_10,0.75,0.25,0.02464982122275448,0.035848448665289245,2,-0.0012949650620472217,106.66666666666667,-0.0021830907836411016
xgb_02,1.0,0.5,0.024649299062231494,0.03565474816834397,2,-0.0009780575506533988,195.0,-0.0021830907836411016
xgb_25,0.75,0.25,0.02461328216926754,0.036628647047494294,2,-0.0015173735435397124,127.33333333333333,-0.0021830907836411016
xgb_00,1.0,0.5,0.024607373222823165,0.036123145351558514,2,-0.0012483176000942446,34.666666666666664,-0.0021830907836411016
xgb_28,1.0,0.25,0.024603048766758274,0.03625245605245214,2,-0.0014177395038826458,30.333333333333332,-0.0021830907836411016
xgb_22,1.0,0.5,0.02456471277260186,0.03705841025912914,2,-0.001337020978968372,38.333333333333336,-0.0021830907836411016
xgb_17,0.5,0.25,0.024550052466926358,0.03743442189602658,2,-0.0015422821583873083,19.333333333333332,-0.0021830907836411016
xgb_17,0.5,0.5,0.024550052466926358,0.03743442189602658,2,-0.0015422821583873083,19.333333333333332,-0.0021830907836411016
xgb_22,0.75,0.25,0.024542032624896334,0.03705327312629784,2,-0.0015153626086399496,38.333333333333336,-0.0021830907836411016
xgb_30,1.0,0.5,0.024512929810811518,0.037476901231964316,2,-0.0008739115677462609,10.666666666666666,-0.0021830907836411016
xgb_22,1.0,0.25,0.02450284765487458,0.03705841025912914,2,-0.0013280110077153594,38.333333333333336,-0.0021830907836411016
xgb_22,0.75,0.5,0.0245005626009253,0.03705327312629784,2,-0.001488740417074686,38.333333333333336,-0.0021830907836411016
xgb_01,1.0,0.25,0.024500174727888752,0.03695330620097198,2,-0.0009953821501876953,26.666666666666668,-0.0021830907836411016
xgb_25,1.0,0.25,0.02447497322045739,0.03619917585174545,2,-0.0014947568161396297,127.33333333333333,-0.0021830907836411016
xgb_14,1.0,0.5,0.024423868675992305,0.03676735795880603,2,-0.0016613615753550267,64.0,-0.0021830907836411016
xgb_11,1.0,0.5,0.024404796929100248,0.036187983920612045,2,-0.0016893939880160977,19.666666666666668,-0.0021830907836411016
xgb_07,0.75,0.5,0.02440305902753002,0.03590314068401718,2,-0.0013341289622890373,177.33333333333334,-0.0021830907836411016
xgb_14,1.0,0.25,0.02439613134848381,0.03676735795880603,2,-0.0016879837669202902,64.0,-0.0021830907836411016
xgb_10,0.5,0.5,0.024353460628039936,0.03659869443545534,2,-0.0014692268305145802,106.66666666666667,-0.0021830907836411016
xgb_05,0.75,0.25,0.02435147786856043,0.03691027922534844,2,-0.001251441955175827,13.0,-0.0021830907836411016
xgb_05,0.75,0.5,0.024337065335639344,0.03691027922534844,2,-0.001135140962135636,13.0,-0.0021830907836411016
xgb_26,0.75,0.5,0.024336689491492387,0.03605631724520278,2,-0.0013635566425688507,244.33333333333334,-0.0021830907836411016
xgb_30,1.0,0.25,0.02432821277784099,0.03692275013305273,2,-0.0009981558165094667,10.666666666666666,-0.0021830907836411016
xgb_10,0.5,0.25,0.024322188150947027,0.03659869443545534,2,-0.0014692268305145802,106.66666666666667,-0.0021830907836411016
xgb_07,0.75,0.25,0.02432202252167187,0.03590314068401718,2,-0.0013607511538543011,177.33333333333334,-0.0021830907836411016
xgb_27,1.0,0.5,0.02431012730595394,0.03743100869687029,2,-0.0013763317134615736,14.333333333333334,-0.0021830907836411016
xgb_00,1.0,0.25,0.0243100127558571,0.036123145351558514,2,-0.0013160295900364607,34.666666666666664,-0.0021830907836411016
xgb_02,1.0,0.25,0.024309176882023165,0.03565474816834397,2,-0.0011324702346207705,195.0,-0.0021830907836411016
xgb_24,0.75,0.5,0.02429541926757402,0.036805631973015715,2,-0.001258546975866157,31.0,-0.0021830907836411016
xgb_16,1.0,0.5,0.024294169494590342,0.03713182354520927,2,-0.0014607694641333333,99.0,-0.0021830907836411016
xgb_18,0.75,0.5,0.024292559344154224,0.037076278455891426,2,-0.0013747223033089802,34.666666666666664,-0.0021830907836411016
xgb_18,0.25,0.5,0.02428543029361251,0.0371917500097605,2,-0.0017975329607162035,34.666666666666664,-0.0021830907836411016
xgb_13,0.5,0.25,0.024281107524052686,0.036958256390428185,2,-0.0016087997037073163,31.0,-0.0021830907836411016
xgb_21,1.0,0.25,0.024279311845910825,0.035628912919749574,2,-0.0014924615660637294,41.333333333333336,-0.0021830907836411016
xgb_21,1.0,0.5,0.024279311845910825,0.035628912919749574,2,-0.0014924615660637294,41.333333333333336,-0.0021830907836411016
xgb_04,0.25,0.25,0.024272152375306954,0.037017615726802226,2,-0.001540877413856434,211.0,-0.0021830907836411016
xgb_04,0.25,0.5,0.024268277307493268,0.037017615726802226,2,-0.0015080529134302572,211.0,-0.0021830907836411016
xgb_16,1.0,0.25,0.024267044019894535,0.03713182354520927,2,-0.0014683958072091673,99.0,-0.0021830907836411016
xgb_01,0.75,0.5,0.024264429156562472,0.037146463631124484,2,-0.0011204487759975655,26.666666666666668,-0.0021830907836411016
xgb_01,0.25,0.5,0.024264014785847037,0.037272333647189036,2,-0.001670675282009621,26.666666666666668,-0.0021830907836411016
xgb_18,0.25,0.25,0.024257692966104017,0.03710853802723502,2,-0.0017975329607162035,34.666666666666664,-0.0021830907836411016
xgb_27,1.0,0.25,0.02425757594770868,0.03743100869687029,2,-0.0014939564110544787,14.333333333333334,-0.0021830907836411016
xgb_23,1.0,0.5,0.02423826315628998,0.03567366682746315,2,-0.0015348301475620891,39.666666666666664,-0.0021830907836411016
xgb_07,0.25,0.5,0.024237650968620027,0.03705696693744502,2,-0.0017662063491698434,177.33333333333334,-0.0021830907836411016
xgb_17,1.0,0.25,0.024236954374531244,0.03666858488989636,2,-0.0013583333161024166,19.333333333333332,-0.0021830907836411016
xgb_17,1.0,0.5,0.024236954374531244,0.03666858488989636,2,-0.0013583333161024166,19.333333333333332,-0.0021830907836411016
xgb_13,0.5,0.5,0.024236102350497238,0.036958256390428185,2,-0.0016101234082600295,31.0,-0.0021830907836411016
xgb_07,0.25,0.25,0.024233775900806335,0.03705696693744502,2,-0.0017990308495960195,177.33333333333334,-0.0021830907836411016
xgb_01,0.25,0.25,0.024226215878752132,0.037222373110599845,2,-0.0016915809612470627,26.666666666666668,-0.0021830907836411016
xgb_17,0.25,0.25,0.02421513426851593,0.03741267600972226,2,-0.0018151117813069116,19.333333333333332,-0.0021830907836411016
xgb_17,0.25,0.5,0.02421513426851593,0.03741267600972226,2,-0.0018151117813069116,19.333333333333332,-0.0021830907836411016
xgb_17,0.75,0.25,0.024205285999865444,0.037154929263902105,2,-0.0013936427204815569,19.333333333333332,-0.0021830907836411016
xgb_18,0.5,0.5,0.024204897286580845,0.03745732723938527,2,-0.001594943263453011,34.666666666666664,-0.0021830907836411016
xgb_17,0.75,0.5,0.02419366079642438,0.037154929263902105,2,-0.0013936427204815569,19.333333333333332,-0.0021830907836411016
xgb_05,1.0,0.5,0.02419202700610769,0.036925813310140145,2,-0.0011003517162265913,13.0,-0.0021830907836411016
xgb_24,0.75,0.25,0.024190180583791788,0.036805631973015715,2,-0.0012851691674314206,31.0,-0.0021830907836411016
xgb_26,0.75,0.25,0.024186105715925433,0.03605631724520278,2,-0.0014806209253874398,244.33333333333334,-0.0021830907836411016
xgb_18,0.75,0.25,0.024181610034120244,0.037076278455891426,2,-0.001492347000901885,34.666666666666664,-0.0021830907836411016
xgb_03,1.0,0.1,0.02417813698981793,0.036456383558099235,2,-0.0014444235579063353,28.666666666666668,-0.0021830907836411016
xgb_18,0.5,0.25,0.024176412138967956,0.0373718717965466,2,-0.001594943263453011,34.666666666666664,-0.0021830907836411016
xgb_04,0.75,0.25,0.024163197161119088,0.03580165983088068,2,-0.0012423898466856517,211.0,-0.0021830907836411016
xgb_19,0.25,0.25,0.024144791691977294,0.03700483824598168,2,-0.0018460334207636164,90.0,-0.0021830907836411016
xgb_19,0.25,0.5,0.024144791691977294,0.03700483824598168,2,-0.0018460334207636164,90.0,-0.0021830907836411016
xgb_12,1.0,0.25,0.024140167351434632,0.0372051643538572,2,-0.0013744287365947475,6.666666666666667,-0.0021830907836411016
xgb_12,1.0,0.5,0.024140167351434632,0.0372051643538572,2,-0.0013744287365947475,6.666666666666667,-0.0021830907836411016
xgb_14,0.75,0.5,0.024140084604245382,0.03679846823835546,2,-0.001693581642224545,64.0,-0.0021830907836411016
xgb_04,0.75,0.5,0.024132808471422282,0.03580165983088068,2,-0.0012423898466856517,211.0,-0.0021830907836411016
xgb_14,0.75,0.25,0.024123972480177946,0.03679846823835546,2,-0.0017202038337898087,64.0,-0.0021830907836411016
xgb_22,0.5,0.25,0.024104355914563478,0.03712004536292645,2,-0.0016718394519841756,38.333333333333336,-0.0021830907836411016
xgb_04,0.5,0.5,0.024103222492887082,0.036370810113730945,2,-0.0013217375824088598,211.0,-0.0021830907836411016
xgb_22,0.5,0.5,0.024091167087267773,0.03708047888103934,2,-0.0016718394519841756,38.333333333333336,-0.0021830907836411016
xgb_08,0.25,0.5,0.0240911268902045,0.036963832979769226,2,-0.001585273639891406,207.33333333333334,-0.0021830907836411016
xgb_08,0.25,0.25,0.024087251822390816,0.036963832979769226,2,-0.001618098140317583,207.33333333333334,-0.0021830907836411016
xgb_04,0.5,0.25,0.02406623938954242,0.036370810113730945,2,-0.0013217375824088598,211.0,-0.0021830907836411016
xgb_22,1.0,0.1,0.024058937243910488,0.03705841025912914,2,-0.0014843120603206794,38.333333333333336,-0.0021830907836411016
xgb_03,0.5,0.5,0.02404499968135308,0.036637495862488864,2,-0.0015190035962542444,28.666666666666668,-0.0021830907836411016
xgb_20,0.75,0.5,0.024044268111904927,0.03615940276952933,2,-0.0015592101395215743,41.333333333333336,-0.0021830907836411016
xgb_02,0.25,0.5,0.02403262999524694,0.03709832451231874,2,-0.0015560771034647339,195.0,-0.0021830907836411016
xgb_28,0.75,0.5,0.024030642695761495,0.03607654643896423,2,-0.001261427226902754,30.333333333333332,-0.0021830907836411016
xgb_26,0.25,0.5,0.02402924956240728,0.03708079077963646,2,-0.0016362141952770985,244.33333333333334,-0.0021830907836411016
xgb_05,1.0,0.25,0.024027914485015765,0.036925813310140145,2,-0.0011502861393507613,13.0,-0.0021830907836411016
xgb_03,0.5,0.25,0.02401407544219052,0.036637495862488864,2,-0.0015190035962542444,28.666666666666668,-0.0021830907836411016
xgb_26,0.25,0.25,0.024013749291152537,0.03708079077963646,2,-0.001669038695703275,244.33333333333334,-0.0021830907836411016
xgb_17,0.5,0.1,0.02400591465912147,0.03688809084409924,2,-0.0018476805849652626,19.333333333333332,-0.0021830907836411016
xgb_13,0.25,0.5,0.02399709160973294,0.03732045408795593,2,-0.0017170695559310344,31.0,-0.0021830907836411016
xgb_29,1.0,0.25,0.023991974139790557,0.035387388262399275,2,-0.001477129714673428,53.333333333333336,-0.0021830907836411016
xgb_29,1.0,0.5,0.023991974139790557,0.035387388262399275,2,-0.001477129714673428,53.333333333333336,-0.0021830907836411016
xgb_28,0.75,0.25,0.02399182403397877,0.03607654643896423,2,-0.001405674116060922,30.333333333333332,-0.0021830907836411016
xgb_11,1.0,0.25,0.023988872983764536,0.036187983920612045,2,-0.0018171844804182058,19.666666666666668,-0.0021830907836411016
xgb_20,0.75,0.25,0.02398804298807007,0.03615940276952933,2,-0.001676834837114479,41.333333333333336,-0.0021830907836411016
xgb_22,0.5,0.1,0.023984992891028924,0.03683410636447285,2,-0.0020163269465089,38.333333333333336,-0.0021830907836411016
xgb_02,0.25,0.25,0.023981642260856324,0.03709832451231874,2,-0.0015889016038909108,195.0,-0.0021830907836411016
xgb_04,0.1,0.5,0.02397654253715441,0.03689659856983245,2,-0.001967343823608586,211.0,-0.0021830907836411016
xgb_28,0.1,0.5,0.023965637396756483,0.0364319533059361,2,-0.0020074268100929303,30.333333333333332,-0.0021830907836411016
xgb_13,0.25,0.25,0.02396547921441076,0.03732045408795593,2,-0.0017498940563572113,31.0,-0.0021830907836411016
xgb_10,0.25,0.25,0.023961770205329035,0.03709540887639289,2,-0.0016288001207317227,106.66666666666667,-0.0021830907836411016
xgb_10,0.25,0.5,0.023954020069701657,0.03709540887639289,2,-0.0015959756203055458,106.66666666666667,-0.0021830907836411016
xgb_04,0.1,0.25,0.02394785343860396,0.0368105312741811,2,-0.0019924441174654093,211.0,-0.0021830907836411016
xgb_20,0.5,0.5,0.02392766284303358,0.036609550231628984,2,-0.0018229251810904779,41.333333333333336,-0.0021830907836411016
xgb_05,0.1,0.5,0.02392026804730193,0.03721564244880074,2,-0.001947908182743467,13.0,-0.0021830907836411016
xgb_25,0.25,0.5,0.02390980962758762,0.03722893610344828,2,-0.0016754292835803209,127.33333333333333,-0.0021830907836411016
xgb_10,0.1,0.5,0.023895441390160796,0.036586852718658046,2,-0.0019911194177838426,106.66666666666667,-0.0021830907836411016
xgb_21,0.25,0.25,0.02389447135690462,0.03663269001914419,2,-0.001861501234862702,41.333333333333336,-0.0021830907836411016
xgb_21,0.25,0.5,0.02389447135690462,0.03663269001914419,2,-0.001861501234862702,41.333333333333336,-0.0021830907836411016
xgb_20,0.5,0.25,0.023891675655955458,0.036609550231628984,2,-0.0018229251810904779,41.333333333333336,-0.0021830907836411016
xgb_28,0.1,0.25,0.023890719419025208,0.03620719937274227,2,-0.0020362069503455493,30.333333333333332,-0.0021830907836411016
xgb_20,1.0,0.5,0.023888884437945776,0.035895523222781264,2,-0.0015673230299734747,41.333333333333336,-0.0021830907836411016
xgb_13,1.0,0.1,0.023886110381242248,0.03650850381158524,2,-0.0015908124450579864,31.0,-0.0021830907836411016
xgb_19,0.25,0.1,0.023885785471274856,0.036051961482575175,2,-0.0019360607012145013,90.0,-0.0021830907836411016
xgb_25,0.25,0.25,0.023878197232265436,0.03722893610344828,2,-0.0016979377384774268,127.33333333333333,-0.0021830907836411016
xgb_23,1.0,0.25,0.023877436356389423,0.03567366682746315,2,-0.0015389035284684193,39.666666666666664,-0.0021830907836411016
xgb_18,0.1,0.25,0.02387480507811816,0.03614603925425154,2,-0.0019166099738831225,34.666666666666664,-0.0021830907836411016
xgb_01,0.5,0.5,0.023874060332235107,0.03670322394517503,2,-0.0015692919830198823,26.666666666666668,-0.0021830907836411016
xgb_30,0.1,0.5,0.023873972904063196,0.036370854107855295,2,-0.0017827984674812392,10.666666666666666,-0.0021830907836411016
xgb_18,0.1,0.5,0.02387249363415912,0.03613910492237442,2,-0.0019166099738831225,34.666666666666664,-0.0021830907836411016
xgb_22,0.75,0.1,0.023862709403591847,0.03687990661911484,2,-0.0017873205128804217,38.333333333333336,-0.0021830907836411016
xgb_30,0.25,0.5,0.023858105782461742,0.03664305312116714,2,-0.001740853881994889,10.666666666666666,-0.0021830907836411016
xgb_07,0.5,0.25,0.023852039159855103,0.03681895793449577,2,-0.001598917587546657,177.33333333333334,-0.0021830907836411016
xgb_07,0.5,0.5,0.023852039159855103,0.03681895793449577,2,-0.001598917587546657,177.33333333333334,-0.0021830907836411016
xgb_01,0.75,0.25,0.023840619108307676,0.035875033486360106,2,-0.0012482392683996733,26.666666666666668,-0.0021830907836411016
xgb_17,0.25,0.1,0.023839757095563675,0.03629685164402978,2,-0.0022320917890744116,19.333333333333332,-0.0021830907836411016
xgb_05,0.1,0.25,0.023839095574152067,0.03721564244880074,2,-0.001947908182743467,13.0,-0.0021830907836411016
xgb_04,0.05,0.25,0.02383529753083417,0.03645734122459242,2,-0.002148232979919846,211.0,-0.0021830907836411016
xgb_04,0.05,0.5,0.02383529753083417,0.03645734122459242,2,-0.002148232979919846,211.0,-0.0021830907836411016
xgb_03,0.1,0.5,0.023834916316033638,0.036772203065843466,2,-0.0018615538341925219,28.666666666666668,-0.0021830907836411016
xgb_20,0.1,0.5,0.02382417979164453,0.036145227423571506,2,-0.002015850175743688,41.333333333333336,-0.0021830907836411016
xgb_30,0.25,0.25,0.02381849104647406,0.0365242089132041,2,-0.001740853881994889,10.666666666666666,-0.0021830907836411016
xgb_24,0.25,0.5,0.0238183370738476,0.03702815898706213,2,-0.0015404594233830611,31.0,-0.0021830907836411016
xgb_30,0.1,0.25,0.02380478813459001,0.03616329979943573,2,-0.0017827984674812392,10.666666666666666,-0.0021830907836411016
xgb_20,1.0,0.25,0.02380144599161894,0.035895523222781264,2,-0.0015673230299734747,41.333333333333336,-0.0021830907836411016
xgb_20,0.1,0.25,0.02379705431694872,0.03606385099948408,2,-0.002015850175743688,41.333333333333336,-0.0021830907836411016
xgb_24,0.25,0.25,0.023795086666965476,0.03702815898706213,2,-0.0015732839238092374,31.0,-0.0021830907836411016
xgb_17,0.1,0.25,0.023791906968664813,0.03602437972006902,2,-0.002254876931643318,19.333333333333332,-0.0021830907836411016
xgb_17,0.1,0.5,0.023791906968664813,0.03602437972006902,2,-0.002254876931643318,19.333333333333332,-0.0021830907836411016
xgb_19,0.5,0.5,0.023791122149957388,0.03624025266819475,2,-0.0015943798073293517,90.0,-0.0021830907836411016
xgb_01,0.5,0.25,0.023790440447834498,0.0364523642919732,2,-0.0016064021388211905,26.666666666666668,-0.0021830907836411016
xgb_19,0.5,0.25,0.023787247082143703,0.03622862746475369,2,-0.0015943798073293517,90.0,-0.0021830907836411016
xgb_22,0.25,0.5,0.023787187886418242,0.03612542961470383,2,-0.0017372164595030092,38.333333333333336,-0.0021830907836411016
xgb_10,0.1,0.25,0.023785579818460485,0.036257268003557115,2,-0.0019911194177838426,106.66666666666667,-0.0021830907836411016
xgb_17,0.1,0.1,0.023784896931468975,0.03598788887873508,2,-0.002254876931643318,19.333333333333332,-0.0021830907836411016
xgb_19,1.0,0.5,0.023783449756658415,0.036006622859212495,2,-0.0011229345596083266,90.0,-0.0021830907836411016
xgb_03,0.25,0.5,0.02378265259356389,0.036641183129453914,2,-0.001605032693501086,28.666666666666668,-0.0021830907836411016
xgb_06,0.75,0.5,0.02377380004733586,0.03644124799503285,2,-0.0016626791029835132,36.333333333333336,-0.0021830907836411016
xgb_27,0.25,0.5,0.023771507303336104,0.03665855604113537,2,-0.0018875499716715103,14.333333333333334,-0.0021830907836411016
xgb_03,0.25,0.25,0.0237692681350317,0.03660102975385735,2,-0.001637857193927262,28.666666666666668,-0.0021830907836411016
xgb_01,0.1,0.5,0.02376825923284538,0.036622047498954945,2,-0.0019254931887402015,26.666666666666668,-0.0021830907836411016
xgb_22,0.25,0.25,0.023763937479536118,0.03605567839405747,2,-0.0017700409599291855,38.333333333333336,-0.0021830907836411016
xgb_17,0.05,0.25,0.023760903125774238,0.036018978993293815,2,-0.002254876931643318,19.333333333333332,-0.0021830907836411016
xgb_17,0.05,0.5,0.023760903125774238,0.036018978993293815,2,-0.002254876931643318,19.333333333333332,-0.0021830907836411016
xgb_17,0.05,0.1,0.023755534008619142,0.03601317879499283,2,-0.002254876931643318,19.333333333333332,-0.0021830907836411016
xgb_20,0.05,0.25,0.02374876360385657,0.03578484214382843,2,-0.0021990911643824506,41.333333333333336,-0.0021830907836411016
xgb_20,0.05,0.5,0.02374876360385657,0.03578484214382843,2,-0.0021990911643824506,41.333333333333336,-0.0021830907836411016
xgb_20,0.25,0.5,0.0237407034385136,0.036081057042216626,2,-0.001937993621797066,41.333333333333336,-0.0021830907836411016
xgb_19,1.0,0.25,0.02373953232143663,0.036006622859212495,2,-0.0012671814487664947,90.0,-0.0021830907836411016
xgb_03,0.1,0.25,0.023737911973100847,0.036481190037045086,2,-0.0018615538341925219,28.666666666666668,-0.0021830907836411016
xgb_20,0.1,0.1,0.023733630823714758,0.035852966213453595,2,-0.0022431421319336867,41.333333333333336,-0.0021830907836411016
xgb_18,0.25,0.1,0.023733451015767765,0.035535812176226256,2,-0.0019164972972685263,34.666666666666664,-0.0021830907836411016
xgb_27,0.25,0.25,0.023725890276967965,0.03652170496203096,2,-0.0018875499716715103,14.333333333333334,-0.0021830907836411016
xgb_00,0.25,0.5,0.023717221652133635,0.036609590569005465,2,-0.0016616637778427779,34.666666666666664,-0.0021830907836411016
xgb_30,1.0,0.1,0.02371680519816986,0.03440086247072266,2,-0.0011939977958029936,10.666666666666666,-0.0021830907836411016
xgb_04,0.1,0.1,0.023716289658576962,0.036115839934100114,2,-0.002153577408755698,211.0,-0.0021830907836411016
xgb_22,0.1,0.25,0.02371626261430866,0.035934185880036905,2,-0.002020618752795027,38.333333333333336,-0.0021830907836411016
xgb_22,0.1,0.5,0.02371395117034962,0.03592725154815978,2,-0.002020618752795027,38.333333333333336,-0.0021830907836411016
xgb_04,0.05,0.1,0.023713507032058323,0.036091969728264874,2,-0.002148232979919846,211.0,-0.0021830907836411016
xgb_02,0.5,0.25,0.023710688439110828,0.03641136750480967,2,-0.0015320075163527183,195.0,-0.0021830907836411016
xgb_27,0.25,0.1,0.023709213450831393,0.036471674483621236,2,-0.0018786897474372597,14.333333333333334,-0.0021830907836411016
xgb_02,0.5,0.5,0.023707493207755684,0.03640178181074424,2,-0.0015320075163527183,195.0,-0.0021830907836411016
xgb_24,0.5,0.5,0.02370718372102201,0.03679532577359668,2,-0.0015060929909745905,31.0,-0.0021830907836411016
xgb_07,0.1,0.5,0.023705272589588617,0.036300847286358615,2,-0.0021532338022331467,177.33333333333334,-0.0021830907836411016
xgb_04,0.25,0.1,0.023704254371470345,0.036394492719155395,2,-0.001939587892992359,211.0,-0.0021830907836411016
xgb_13,0.1,0.5,0.023693894056527,0.03654466650793128,2,-0.0021720542139007657,31.0,-0.0021830907836411016
xgb_00,0.25,0.25,0.023690096177437826,0.036609590569005465,2,-0.001687660749612619,34.666666666666664,-0.0021830907836411016
xgb_20,0.05,0.1,0.023688834415363513,0.03560505457834926,2,-0.0022374108316555574,41.333333333333336,-0.0021830907836411016
xgb_19,0.75,0.5,0.023688227731702486,0.036575774822786775,2,-0.0016331223353795738,90.0,-0.0021830907836411016
xgb_24,0.5,0.25,0.0236874684637243,0.03679532577359668,2,-0.0015060929909745905,31.0,-0.0021830907836411016
xgb_22,0.25,0.1,0.02368474280360289,0.035802633636511344,2,-0.0020076351717610787,38.333333333333336,-0.0021830907836411016
xgb_21,0.75,0.25,0.023678114608942993,0.03590831479277694,2,-0.0015518625528265532,41.333333333333336,-0.0021830907836411016
xgb_21,0.75,0.5,0.023678114608942993,0.03590831479277694,2,-0.0015518625528265532,41.333333333333336,-0.0021830907836411016
xgb_07,0.1,0.25,0.023674272047079125,0.03620784565883013,2,-0.002178334096089971,177.33333333333334,-0.0021830907836411016
xgb_19,0.1,0.25,0.023673144922347705,0.03542414166718184,2,-0.002304423855088616,90.0,-0.0021830907836411016
xgb_19,0.1,0.5,0.023673144922347705,0.03542414166718184,2,-0.002304423855088616,90.0,-0.0021830907836411016
xgb_08,1.0,0.25,0.02367291693613562,0.03522533243648781,2,-0.0014403754781168157,207.33333333333334,-0.0021830907836411016
xgb_08,1.0,0.5,0.02367291693613562,0.03522533243648781,2,-0.0014403754781168157,207.33333333333334,-0.0021830907836411016
xgb_28,0.5,0.5,0.023671538551332624,0.03670782468358414,2,-0.0015189281796795307,30.333333333333332,-0.0021830907836411016
xgb_08,0.75,0.5,0.023667697830422732,0.0359134889015367,2,-0.0012878821049039802,207.33333333333334,-0.0021830907836411016
xgb_20,0.25,0.25,0.023663202082239862,0.03584855297339542,2,-0.001937993621797066,41.333333333333336,-0.0021830907836411016
xgb_13,0.1,0.25,0.023662893514017503,0.036451664880402794,2,-0.0021971545077575897,31.0,-0.0021830907836411016
xgb_29,0.25,0.25,0.023662548312324283,0.03659505710864636,2,-0.0018951289113554079,53.333333333333336,-0.0021830907836411016
xgb_29,0.25,0.5,0.023662548312324283,0.03659505710864636,2,-0.0018951289113554079,53.333333333333336,-0.0021830907836411016
xgb_11,0.75,0.25,0.023661141705050393,0.03636907604647984,2,-0.001655078800603702,19.666666666666668,-0.0021830907836411016
xgb_31,0.25,0.25,0.02365889023497059,0.036880733032819496,2,-0.0018119891310552332,13.666666666666666,-0.0021830907836411016
xgb_31,0.25,0.5,0.02365889023497059,0.036880733032819496,2,-0.0018119891310552332,13.666666666666666,-0.0021830907836411016
xgb_12,1.0,0.1,0.023658183084328693,0.037805362650714096,2,-0.001796848703084988,6.666666666666667,-0.0021830907836411016
xgb_15,0.25,0.25,0.02365742389169782,0.03659286529824593,2,-0.0019723612992791485,9.666666666666666,-0.0021830907836411016
xgb_15,0.25,0.5,0.02365742389169782,0.03659286529824593,2,-0.0019723612992791485,9.666666666666666,-0.0021830907836411016
xgb_19,0.75,0.25,0.023657227189192994,0.036575774822786775,2,-0.0016331223353795738,90.0,-0.0021830907836411016
xgb_02,0.75,0.5,0.02365381364103584,0.03623424834943779,2,-0.0012656188611801758,195.0,-0.0021830907836411016
xgb_08,0.75,0.25,0.023652197559167986,0.0359134889015367,2,-0.0012878821049039802,207.33333333333334,-0.0021830907836411016
xgb_07,0.05,0.1,0.02365100852407563,0.03599884692556881,2,-0.0022729363629165936,177.33333333333334,-0.0021830907836411016
xgb_08,0.1,0.25,0.02364909686970897,0.035790293196159645,2,-0.002052987256271627,207.33333333333334,-0.0021830907836411016
xgb_08,0.1,0.5,0.02364909686970897,0.035790293196159645,2,-0.002052987256271627,207.33333333333334,-0.0021830907836411016
xgb_07,0.05,0.25,0.023642083908079686,0.03597207307758098,2,-0.0022904598610670786,177.33333333333334,-0.0021830907836411016
xgb_07,0.05,0.5,0.023642083908079686,0.03597207307758098,2,-0.0022904598610670786,177.33333333333334,-0.0021830907836411016
xgb_28,0.25,0.5,0.02364068053416699,0.03644285011317158,2,-0.001638903031552174,30.333333333333332,-0.0021830907836411016
xgb_28,0.05,0.5,0.023640419288700813,0.035548914612840994,2,-0.002256719586342866,30.333333333333332,-0.0021830907836411016
xgb_10,0.1,0.1,0.023635598938021835,0.035807325362241155,2,-0.0022174677771111804,106.66666666666667,-0.0021830907836411016
xgb_06,0.75,0.25,0.023625391748436243,0.03644124799503285,2,-0.0016893012945487767,36.333333333333336,-0.0021830907836411016
xgb_10,0.5,0.1,0.023624105090073854,0.03622978743128849,2,-0.0017070686908590706,106.66666666666667,-0.0021830907836411016
xgb_10,0.05,0.25,0.023622680786527673,0.03589225674573023,2,-0.0022174677771111804,106.66666666666667,-0.0021830907836411016
xgb_10,0.05,0.5,0.023622680786527673,0.03589225674573023,2,-0.0022174677771111804,106.66666666666667,-0.0021830907836411016
xgb_14,0.5,0.25,0.02361687134948789,0.03608058954428832,2,-0.0017857265379288892,64.0,-0.0021830907836411016
xgb_14,0.5,0.5,0.02361687134948789,0.03608058954428832,2,-0.0017857265379288892,64.0,-0.0021830907836411016
xgb_13,0.5,0.1,0.02361659144551866,0.035798468213056066,2,-0.0018747957554506257,31.0,-0.0021830907836411016
xgb_27,0.75,0.5,0.02361266526355858,0.03746210545187352,2,-0.001708117042552341,14.333333333333334,-0.0021830907836411016
xgb_28,0.1,0.1,0.023609690703315905,0.0353691796513226,2,-0.0022515988458219637,30.333333333333332,-0.0021830907836411016
xgb_07,0.25,0.1,0.023609485445819898,0.03614265166686972,2,-0.0022565072294096857,177.33333333333334,-0.0021830907836411016
xgb_08,0.05,0.25,0.023601526327204417,0.03572482362084534,2,-0.0021651130212487347,207.33333333333334,-0.0021830907836411016
xgb_08,0.05,0.5,0.023601526327204417,0.03572482362084534,2,-0.0021651130212487347,207.33333333333334,-0.0021830907836411016
xgb_01,0.25,0.1,0.023600445145191152,0.035695504117502976,2,-0.002088364391693215,26.666666666666668,-0.0021830907836411016
xgb_27,0.1,0.5,0.023600063434596696,0.036407340135971175,2,-0.002037978314984214,14.333333333333334,-0.0021830907836411016
xgb_14,0.25,0.25,0.023599792143859526,0.0357196294937212,2,-0.0018328857912654154,64.0,-0.0021830907836411016
xgb_14,0.25,0.5,0.023599792143859526,0.0357196294937212,2,-0.0018328857912654154,64.0,-0.0021830907836411016
xgb_19,0.05,0.25,0.023596327832213927,0.035173014493919054,2,-0.00230275927264856,90.0,-0.0021830907836411016
xgb_19,0.05,0.5,0.023596327832213927,0.035173014493919054,2,-0.00230275927264856,90.0,-0.0021830907836411016
xgb_28,0.05,0.25,0.023596229918895612,0.03541634650342539,2,-0.002256719586342866,30.333333333333332,-0.0021830907836411016
xgb_30,0.5,0.5,0.02359437602937679,0.03562432216111287,2,-0.0013111542974086742,10.666666666666666,-0.0021830907836411016
xgb_28,0.25,0.25,0.023593839802173482,0.03630232791719105,2,-0.00166141148644928,30.333333333333332,-0.0021830907836411016
xgb_11,0.75,0.5,0.023587379449298635,0.03636907604647984,2,-0.001655078800603702,19.666666666666668,-0.0021830907836411016
xgb_27,0.1,0.25,0.023572937959900887,0.036325963711883756,2,-0.002037978314984214,14.333333333333334,-0.0021830907836411016
xgb_02,0.75,0.25,0.023571485445906457,0.03623424834943779,2,-0.0012656188611801758,195.0,-0.0021830907836411016
xgb_01,0.1,0.25,0.02357015488882638,0.03602773446689794,2,-0.0020188372898439747,26.666666666666668,-0.0021830907836411016
xgb_18,0.05,0.25,0.02356817499689465,0.03522614901058102,2,-0.002273284567750649,34.666666666666664,-0.0021830907836411016
xgb_18,0.05,0.5,0.02356817499689465,0.03522614901058102,2,-0.002273284567750649,34.666666666666664,-0.0021830907836411016
xgb_07,0.1,0.1,0.023563069560850775,0.0358742382001451,2,-0.0022782807917524454,177.33333333333334,-0.0021830907836411016
xgb_02,0.1,0.5,0.023562895396580966,0.036105295419224866,2,-0.0019102441165815972,195.0,-0.0021830907836411016
xgb_23,0.25,0.25,0.023553745249110542,0.03659475230724665,2,-0.001917094377877955,39.666666666666664,-0.0021830907836411016
xgb_27,0.1,0.1,0.023550319746971138,0.03625810907309449,2,-0.002037978314984214,14.333333333333334,-0.0021830907836411016
xgb_19,0.1,0.1,0.02355021242404787,0.03503982184600303,2,-0.00230275927264856,90.0,-0.0021830907836411016
xgb_28,0.5,0.25,0.02354855613598246,0.03666895091716736,2,-0.0015720234197003195,30.333333333333332,-0.0021830907836411016
xgb_14,1.0,0.1,0.023548181293913988,0.03668162906405703,2,-0.001678405213809393,64.0,-0.0021830907836411016
xgb_23,0.25,0.5,0.023547902696548977,0.03659475230724665,2,-0.0018807813605790427,39.666666666666664,-0.0021830907836411016
xgb_01,0.05,0.25,0.023547775744472293,0.035955473590234176,2,-0.0021799705811342634,26.666666666666668,-0.0021830907836411016
xgb_01,0.05,0.5,0.023547775744472293,0.035955473590234176,2,-0.0021799705811342634,26.666666666666668,-0.0021830907836411016
xgb_21,0.5,0.25,0.02354598062356003,0.03641537745123402,2,-0.001653321723485132,41.333333333333336,-0.0021830907836411016
xgb_21,0.5,0.5,0.02354598062356003,0.03641537745123402,2,-0.001653321723485132,41.333333333333336,-0.0021830907836411016
xgb_08,0.5,0.25,0.023542573213873343,0.03618254255704454,2,-0.0014252366976228224,207.33333333333334,-0.0021830907836411016
xgb_08,0.5,0.5,0.023542573213873343,0.03618254255704454,2,-0.0014252366976228224,207.33333333333334,-0.0021830907836411016
xgb_02,0.5,0.1,0.023540580530719946,0.03590104377963703,2,-0.001758895467060486,195.0,-0.0021830907836411016
xgb_08,0.1,0.1,0.023536793087221893,0.0354533818486984,2,-0.0021704574500845866,207.33333333333334,-0.0021830907836411016
xgb_21,0.1,0.25,0.02353236553491438,0.035717364843700215,2,-0.0022761525815944007,41.333333333333336,-0.0021830907836411016
xgb_21,0.1,0.5,0.02353236553491438,0.035717364843700215,2,-0.0022761525815944007,41.333333333333336,-0.0021830907836411016
xgb_02,0.1,0.25,0.023531894854071474,0.03601229379169638,2,-0.0019353444104384214,195.0,-0.0021830907836411016
xgb_16,0.25,0.5,0.023528235643154802,0.03628996504704725,2,-0.0018461310503375414,99.0,-0.0021830907836411016
xgb_03,0.1,0.1,0.023526105678930636,0.035845771154534446,2,-0.0021755137175622917,28.666666666666668,-0.0021830907836411016
xgb_03,0.5,0.1,0.023523915237738696,0.036258668664436486,2,-0.001701060701398369,28.666666666666668,-0.0021830907836411016
xgb_29,0.75,0.25,0.023518413548860667,0.035703008896745006,2,-0.0017336049937293834,53.333333333333336,-0.0021830907836411016
xgb_29,0.75,0.5,0.023518413548860667,0.035703008896745006,2,-0.0017336049937293834,53.333333333333336,-0.0021830907836411016
xgb_13,0.05,0.25,0.02351782722598959,0.03593923947413385,2,-0.0023459073411279813,31.0,-0.0021830907836411016
xgb_13,0.05,0.5,0.02351782722598959,0.03593923947413385,2,-0.0023459073411279813,31.0,-0.0021830907836411016
xgb_14,0.5,0.1,0.023514999231021436,0.035624924034855746,2,-0.0019843749653943757,64.0,-0.0021830907836411016
xgb_26,0.5,0.5,0.02351470977985186,0.03611840655031997,2,-0.0015693282581899983,244.33333333333334,-0.0021830907836411016
xgb_19,0.05,0.1,0.02351409219167148,0.034936614725456006,2,-0.00230275927264856,90.0,-0.0021830907836411016
xgb_08,0.05,0.1,0.023513355414638826,0.03546031088314857,2,-0.0021651130212487347,207.33333333333334,-0.0021830907836411016
xgb_07,0.5,0.1,0.02351300275247496,0.036385526632932486,2,-0.0019095886922510588,177.33333333333334,-0.0021830907836411016
xgb_18,1.0,0.1,0.023512109893339943,0.03635602906899941,2,-0.001693919759421864,34.666666666666664,-0.0021830907836411016
xgb_08,0.25,0.1,0.023509832520428778,0.03576557317880377,2,-0.0019804618780448324,207.33333333333334,-0.0021830907836411016
xgb_17,0.75,0.1,0.023509384068614414,0.03602323781028998,2,-0.0016739122421379543,19.333333333333332,-0.0021830907836411016
xgb_16,0.25,0.25,0.02350815574630206,0.036229725356489016,2,-0.0018789555507637183,99.0,-0.0021830907836411016
xgb_28,0.05,0.1,0.023504766640958213,0.03515226382277749,2,-0.002239218387902068,30.333333333333332,-0.0021830907836411016
xgb_18,0.5,0.1,0.023500889301177913,0.03534530328317647,2,-0.0019109642763695768,34.666666666666664,-0.0021830907836411016
xgb_27,0.05,0.25,0.023500705336180847,0.03610926584072363,2,-0.002037978314984214,14.333333333333334,-0.0021830907836411016
xgb_27,0.05,0.5,0.023500705336180847,0.03610926584072363,2,-0.002037978314984214,14.333333333333334,-0.0021830907836411016
xgb_10,0.05,0.1,0.02349960112304396,0.035523017755279086,2,-0.0022174677771111804,106.66666666666667,-0.0021830907836411016
xgb_18,0.1,0.1,0.023498824873350907,0.035018098639949785,2,-0.0022557610696001644,34.666666666666664,-0.0021830907836411016
xgb_20,0.25,0.1,0.023497009059209917,0.03536028105746988,2,-0.002059976859828634,41.333333333333336,-0.0021830907836411016
xgb_30,0.05,0.25,0.023495513117235467,0.03536969359246176,2,-0.002211343158258349,10.666666666666666,-0.0021830907836411016
xgb_15,0.1,0.25,0.02349030456933891,0.035875408279316796,2,-0.002245940182889405,9.666666666666666,-0.0021830907836411016
xgb_15,0.1,0.5,0.02349030456933891,0.035875408279316796,2,-0.002245940182889405,9.666666666666666,-0.0021830907836411016
xgb_26,0.5,0.25,0.023487788256093614,0.03611840655031997,2,-0.0015693282581899983,244.33333333333334,-0.0021830907836411016
xgb_16,0.25,0.1,0.023487202171548302,0.03616686463222775,2,-0.0019097484243270763,99.0,-0.0021830907836411016
xgb_25,0.1,0.5,0.023486637433917646,0.03646400141462489,2,-0.002083358504035491,127.33333333333333,-0.0021830907836411016
xgb_21,0.05,0.25,0.023485662266510405,0.035504776451496314,2,-0.002270421281316272,41.333333333333336,-0.0021830907836411016
xgb_21,0.05,0.5,0.023485662266510405,0.035504776451496314,2,-0.002270421281316272,41.333333333333336,-0.0021830907836411016
xgb_30,0.05,0.5,0.02348563290658028,0.03534005296049619,2,-0.002211343158258349,10.666666666666666,-0.0021830907836411016
xgb_30,0.5,0.25,0.023484698679123988,0.03529529011035446,2,-0.0013111542974086742,10.666666666666666,-0.0021830907836411016
xgb_12,0.75,0.25,0.023467541059048885,0.03641347529189238,2,-0.0014629671714276229,6.666666666666667,-0.0021830907836411016
xgb_21,0.25,0.1,0.023460612207841364,0.03590108613795647,2,-0.0021689929340488415,41.333333333333336,-0.0021830907836411016
xgb_30,0.05,0.1,0.023459844254629877,0.03526268700464498,2,-0.002194124926062509,10.666666666666666,-0.0021830907836411016
xgb_16,0.5,0.1,0.02345830541167218,0.03609048150576368,2,-0.0018599900187164363,99.0,-0.0021830907836411016
xgb_12,0.05,0.1,0.023454261812539814,0.035726238853388485,2,-0.0022807906091992843,6.666666666666667,-0.0021830907836411016
xgb_11,0.25,0.25,0.023452566279477487,0.0365294666951365,2,-0.0018356239314049766,19.666666666666668,-0.0021830907836411016
xgb_00,0.1,0.25,0.023451505332629494,0.0365280737935812,2,-0.00208985838595533,34.666666666666664,-0.0021830907836411016
xgb_00,0.1,0.5,0.023451505332629494,0.0365280737935812,2,-0.00208985838595533,34.666666666666664,-0.0021830907836411016
xgb_30,0.1,0.1,0.023451276119046172,0.03526316112435697,2,-0.0019422130870901573,10.666666666666666,-0.0021830907836411016
xgb_13,0.1,0.1,0.023448170027999666,0.03579202867043939,2,-0.002358310098757564,31.0,-0.0021830907836411016
xgb_13,0.05,0.1,0.023447423883420526,0.03573833659959097,2,-0.0023459296408376673,31.0,-0.0021830907836411016
xgb_11,0.25,0.5,0.02344719557145501,0.0365294666951365,2,-0.0018131154765078702,19.666666666666668,-0.0021830907836411016
xgb_03,0.25,0.1,0.02344717227408553,0.035717199396333194,2,-0.002076025470372276,28.666666666666668,-0.0021830907836411016
xgb_21,0.05,0.1,0.023445060556541154,0.03538297132158857,2,-0.0022528977831657872,41.333333333333336,-0.0021830907836411016
xgb_21,0.1,0.1,0.023445055799476543,0.0353933463322695,2,-0.002258629083443916,41.333333333333336,-0.0021830907836411016
xgb_30,0.25,0.1,0.023443566015759854,0.03516649626598391,2,-0.0017647172947862623,10.666666666666666,-0.0021830907836411016
xgb_12,0.25,0.25,0.023442576517748264,0.036745456357174563,2,-0.0020298158373050833,6.666666666666667,-0.0021830907836411016
xgb_12,0.25,0.5,0.023442576517748264,0.036745456357174563,2,-0.0020298158373050833,6.666666666666667,-0.0021830907836411016
xgb_26,0.1,0.5,0.023441210650167892,0.03583808790645634,2,-0.0020895225988498633,244.33333333333334,-0.0021830907836411016
xgb_05,0.05,0.25,0.02344087186682731,0.03637255590626288,2,-0.0022092882306198607,13.0,-0.0021830907836411016
xgb_05,0.05,0.5,0.02344087186682731,0.03637255590626288,2,-0.0022092882306198607,13.0,-0.0021830907836411016
xgb_12,0.75,0.5,0.023440415584353076,0.03641347529189238,2,-0.0014629671714276229,6.666666666666667,-0.0021830907836411016
xgb_18,0.75,0.1,0.023435628434430065,0.03591906129440077,2,-0.0016618337201074025,34.666666666666664,-0.0021830907836411016
xgb_03,0.05,0.5,0.023434476524632514,0.035591415869258215,2,-0.002168477688478247,28.666666666666668,-0.0021830907836411016
xgb_27,0.75,0.25,0.023433800291316295,0.03746210545187352,2,-0.001708117042552341,14.333333333333334,-0.0021830907836411016
xgb_16,0.5,0.25,0.02343245782756012,0.036012938753427495,2,-0.0017531104177277554,99.0,-0.0021830907836411016
xgb_15,0.5,0.5,0.023430220511755705,0.0361584113948925,2,-0.0019379462670557224,9.666666666666666,-0.0021830907836411016
xgb_23,0.1,0.5,0.02342834011450988,0.035923653270904216,2,-0.0021617345909926704,39.666666666666664,-0.0021830907836411016
xgb_15,0.5,0.25,0.023427909067796664,0.03615147706301538,2,-0.0019379462670557224,9.666666666666666,-0.0021830907836411016
xgb_00,0.75,0.25,0.02342077558179524,0.03578687198099823,2,-0.0012455348153613992,34.666666666666664,-0.0021830907836411016
xgb_05,0.1,0.1,0.023419293416329257,0.03628720624844011,2,-0.0022200041060997013,13.0,-0.0021830907836411016
xgb_07,1.0,0.1,0.023417423516258352,0.0357168727686656,2,-0.0016682836439585718,177.33333333333334,-0.0021830907836411016
xgb_18,0.05,0.1,0.02341412607966155,0.03476400225888171,2,-0.0022557610696001644,34.666666666666664,-0.0021830907836411016
xgb_26,0.1,0.25,0.023412521551617438,0.03575202061080498,2,-0.002114622892706687,244.33333333333334,-0.0021830907836411016
xgb_22,0.05,0.25,0.023410078231681137,0.03512901141696159,2,-0.002342201633236674,38.333333333333336,-0.0021830907836411016
xgb_22,0.05,0.5,0.023410078231681137,0.03512901141696159,2,-0.002342201633236674,38.333333333333336,-0.0021830907836411016
xgb_00,0.75,0.5,0.02340969424752101,0.03578687198099823,2,-0.0012351277987761014,34.666666666666664,-0.0021830907836411016
xgb_26,0.25,0.1,0.02340531415902571,0.03589079580458255,2,-0.002190251852603495,244.33333333333334,-0.0021830907836411016
xgb_13,0.75,0.1,0.023399220660705707,0.03527573429162528,2,-0.0017733983532031196,31.0,-0.0021830907836411016
xgb_12,0.05,0.25,0.02339812558887608,0.03555783018239729,2,-0.0022807906091992843,6.666666666666667,-0.0021830907836411016
xgb_12,0.05,0.5,0.02339812558887608,0.03555783018239729,2,-0.0022807906091992843,6.666666666666667,-0.0021830907836411016
xgb_27,0.05,0.1,0.02339788363778078,0.035800800745523435,2,-0.002037978314984214,14.333333333333334,-0.0021830907836411016
xgb_03,0.05,0.25,0.02339784165921821,0.0354815112730153,2,-0.002168477688478247,28.666666666666668,-0.0021830907836411016
xgb_26,0.1,0.1,0.023395784056295877,0.03570180812484029,2,-0.002275778483706661,244.33333333333334,-0.0021830907836411016
xgb_05,0.25,0.25,0.023395599997620354,0.03609248624086055,2,-0.001694567361136155,13.0,-0.0021830907836411016
xgb_24,0.1,0.5,0.023393551834225517,0.0364381857287424,2,-0.0020343356004830144,31.0,-0.0021830907836411016
xgb_21,1.0,0.1,0.023393360097183718,0.036319112808602914,2,-0.0016526742865460317,41.333333333333336,-0.0021830907836411016
xgb_25,0.1,0.25,0.023389828722221336,0.03617357527953595,2,-0.002151727277967804,127.33333333333333,-0.0021830907836411016
xgb_16,0.1,0.5,0.0233872027079474,0.035825637628767865,2,-0.002203504993451289,99.0,-0.0021830907836411016
xgb_02,0.25,0.1,0.023385877093428337,0.0355793940863491,2,-0.00199152382188669,195.0,-0.0021830907836411016
xgb_22,0.1,0.1,0.023385235074200355,0.034941103259711975,2,-0.002342201633236674,38.333333333333336,-0.0021830907836411016
xgb_13,0.25,0.1,0.023384208657682908,0.035666478929844876,2,-0.002275940645016159,31.0,-0.0021830907836411016
xgb_22,0.05,0.1,0.023381717414533484,0.035043928965518625,2,-0.002342201633236674,38.333333333333336,-0.0021830907836411016
xgb_12,0.1,0.1,0.023380598045692123,0.03555672383971238,2,-0.002286135038035136,6.666666666666667,-0.0021830907836411016
xgb_12,0.5,0.5,0.02338009336907043,0.03618063199408281,2,-0.001555286378434358,6.666666666666667,-0.0021830907836411016
xgb_23,0.1,0.25,0.02337993171767984,0.035778428080414086,2,-0.0021617345909926704,39.666666666666664,-0.0021830907836411016
xgb_00,0.5,0.5,0.02337933669149905,0.03625773604682518,2,-0.0014577358777533554,34.666666666666664,-0.0021830907836411016
xgb_29,0.1,0.5,0.023378551160695066,0.0356450245056322,2,-0.0021788911302338537,53.333333333333336,-0.0021830907836411016
xgb_31,0.1,0.5,0.023376919157909765,0.036093658030063425,2,-0.0020567972054938697,13.666666666666666,-0.0021830907836411016
xgb_25,0.5,0.5,0.023374949912798537,0.03663047835394536,2,-0.0016900161247420551,127.33333333333333,-0.0021830907836411016
xgb_04,0.5,0.1,0.02337108302420095,0.036370810113730945,2,-0.001719753123301002,211.0,-0.0021830907836411016
xgb_28,0.25,0.1,0.023370074660695062,0.03556890212328337,2,-0.0018839571150242294,30.333333333333332,-0.0021830907836411016
xgb_15,0.1,0.1,0.023367865082447887,0.035549318431300936,2,-0.0022496200292852005,9.666666666666666,-0.0021830907836411016
xgb_15,0.05,0.25,0.023367357644538275,0.035609556907847395,2,-0.0022496200292852005,9.666666666666666,-0.0021830907836411016
xgb_15,0.05,0.5,0.023367357644538275,0.035609556907847395,2,-0.0022496200292852005,9.666666666666666,-0.0021830907836411016
xgb_12,0.1,0.25,0.023365497478011088,0.03536196841578699,2,-0.0022931710671191805,6.666666666666667,-0.0021830907836411016
xgb_12,0.1,0.5,0.023365497478011088,0.03536196841578699,2,-0.0022931710671191805,6.666666666666667,-0.0021830907836411016
xgb_14,0.75,0.1,0.023364709149483496,0.0361618786515056,2,-0.0017650341596518089,64.0,-0.0021830907836411016
xgb_24,0.1,0.25,0.02336255129171602,0.036345184101213915,2,-0.002059435894339838,31.0,-0.0021830907836411016
xgb_29,0.1,0.25,0.023359175821626634,0.035586898488426895,2,-0.0021788911302338537,53.333333333333336,-0.0021830907836411016
xgb_16,0.75,0.25,0.02335900309990711,0.036194602091455946,2,-0.0016828810511986603,99.0,-0.0021830907836411016
xgb_12,0.5,0.25,0.023356842962188307,0.03618063199408281,2,-0.001555286378434358,6.666666666666667,-0.0021830907836411016
xgb_26,0.05,0.1,0.023356097974995715,0.0355672275546605,2,-0.0022704340548708097,244.33333333333334,-0.0021830907836411016
xgb_31,0.25,0.1,0.023354952522754793,0.03599225495152088,2,-0.0018654522579168193,13.666666666666666,-0.0021830907836411016
xgb_10,0.25,0.1,0.023352956221262308,0.03537829469972746,2,-0.0021457845098309717,106.66666666666667,-0.0021830907836411016
xgb_26,0.05,0.25,0.023351908680898186,0.035554659672367914,2,-0.0022704117551611233,244.33333333333334,-0.0021830907836411016
xgb_26,0.05,0.5,0.023351908680898186,0.035554659672367914,2,-0.0022704117551611233,244.33333333333334,-0.0021830907836411016
xgb_05,0.25,0.5,0.023350594824064912,0.0359574707201942,2,-0.001694567361136155,13.0,-0.0021830907836411016
xgb_15,0.25,0.1,0.023348889790156493,0.035667262993621954,2,-0.0020481670710395163,9.666666666666666,-0.0021830907836411016
xgb_30,0.75,0.25,0.023347637383035733,0.0360197560326382,2,-0.0011500943998944435,10.666666666666666,-0.0021830907836411016
xgb_31,0.1,0.25,0.02334591861540027,0.03600065640253494,2,-0.002081897499350693,13.666666666666666,-0.0021830907836411016
xgb_03,0.75,0.1,0.023345105859764643,0.03582615853344415,2,-0.0016150480202775375,28.666666666666668,-0.0021830907836411016
xgb_16,0.1,0.25,0.023344576961996846,0.0356977603909162,2,-0.002203504993451289,99.0,-0.0021830907836411016
xgb_15,0.05,0.1,0.023342552847517007,0.0355351425167836,2,-0.0022496200292852005,9.666666666666666,-0.0021830907836411016
xgb_03,0.05,0.1,0.02334194387318264,0.035324125068072885,2,-0.002168477688478247,28.666666666666668,-0.0021830907836411016
xgb_00,0.5,0.25,0.02333909037315339,0.03625773604682518,2,-0.0014577358777533554,34.666666666666664,-0.0021830907836411016
xgb_29,0.05,0.25,0.023338938431429812,0.03553649347100074,2,-0.002296361324046814,53.333333333333336,-0.0021830907836411016
xgb_29,0.05,0.5,0.023338938431429812,0.03553649347100074,2,-0.002296361324046814,53.333333333333336,-0.0021830907836411016
xgb_02,0.05,0.25,0.02333128482710527,0.035410463710797785,2,-0.002185851920996567,195.0,-0.0021830907836411016
xgb_02,0.05,0.5,0.02333128482710527,0.035410463710797785,2,-0.002185851920996567,195.0,-0.0021830907836411016
xgb_30,0.75,0.5,0.023331190807923823,0.035970416307302466,2,-0.0011016070285776967,10.666666666666666,-0.0021830907836411016
xgb_01,0.1,0.1,0.023329577308941068,0.035362716180462835,2,-0.0021799928808439494,26.666666666666668,-0.0021830907836411016
xgb_14,0.1,0.25,0.023324144076437844,0.03494970278521228,2,-0.0022500509691829058,64.0,-0.0021830907836411016
xgb_14,0.1,0.5,0.023324144076437844,0.03494970278521228,2,-0.0022500509691829058,64.0,-0.0021830907836411016
xgb_14,0.05,0.25,0.023319509710761365,0.034935799688182854,2,-0.0023675211629958664,64.0,-0.0021830907836411016
xgb_14,0.05,0.5,0.023319509710761365,0.034935799688182854,2,-0.0023675211629958664,64.0,-0.0021830907836411016
xgb_05,0.05,0.1,0.02331857806247291,0.03600567449319967,2,-0.0022129680770156565,13.0,-0.0021830907836411016
xgb_31,0.75,0.5,0.02331499818650196,0.035907929995574614,2,-0.0014249160940544025,13.666666666666666,-0.0021830907836411016
xgb_16,0.5,0.5,0.02331464216929487,0.03565949177863176,2,-0.001768013292073026,99.0,-0.0021830907836411016
xgb_01,0.05,0.1,0.023312329327566866,0.03536250800216171,2,-0.0021799928808439494,26.666666666666668,-0.0021830907836411016
xgb_14,0.05,0.1,0.02330950303854007,0.03490577967151896,2,-0.002349997664845382,64.0,-0.0021830907836411016
xgb_02,0.1,0.1,0.023308699692477407,0.03534270830691418,2,-0.002191747942740496,195.0,-0.0021830907836411016
xgb_06,1.0,0.5,0.023303757628693026,0.03607906038184923,2,-0.0012523490198607541,36.333333333333336,-0.0021830907836411016
xgb_21,0.5,0.1,0.02329797821626825,0.035599072898588546,2,-0.0018281754585052446,41.333333333333336,-0.0021830907836411016
xgb_02,0.05,0.1,0.023295968040179454,0.035304513350020314,2,-0.002191747942740496,195.0,-0.0021830907836411016
xgb_14,0.1,0.1,0.02329460579105309,0.034861087929058024,2,-0.002349997664845382,64.0,-0.0021830907836411016
xgb_09,0.25,0.5,0.023293375985748415,0.03594095069425164,2,-0.001762393196824711,14.666666666666666,-0.0021830907836411016
xgb_29,0.25,0.1,0.02329253662287636,0.0354850220403026,2,-0.0020936559869288774,53.333333333333336,-0.0021830907836411016
xgb_29,0.1,0.1,0.023291164583221956,0.03538286477321287,2,-0.002302257345790742,53.333333333333336,-0.0021830907836411016
xgb_21,0.75,0.1,0.023290093412105268,0.03613346500264373,2,-0.0017122213855287496,41.333333333333336,-0.0021830907836411016
xgb_00,0.1,0.1,0.023279086252547824,0.03601081655333619,2,-0.002316206745282668,34.666666666666664,-0.0021830907836411016
xgb_17,1.0,0.1,0.02327197937431986,0.035168625062172075,2,-0.001588547731188465,19.333333333333332,-0.0021830907836411016
xgb_31,0.05,0.1,0.02326052013791308,0.0354810331312329,2,-0.002176135194444726,13.666666666666666,-0.0021830907836411016
xgb_00,0.05,0.25,0.02325937989823106,0.03589478229402848,2,-0.0023108623164468166,34.666666666666664,-0.0021830907836411016
xgb_00,0.05,0.5,0.02325937989823106,0.03589478229402848,2,-0.0023108623164468166,34.666666666666664,-0.0021830907836411016
xgb_11,0.1,0.5,0.02325816549457463,0.03602958862672483,2,-0.002151801016707374,19.666666666666668,-0.0021830907836411016
xgb_31,0.05,0.25,0.02325368027220497,0.03546051353410857,2,-0.002193636392885524,13.666666666666666,-0.0021830907836411016
xgb_31,0.05,0.5,0.02325368027220497,0.03546051353410857,2,-0.002193636392885524,13.666666666666666,-0.0021830907836411016
xgb_16,0.05,0.5,0.023249784804159377,0.03541338391740379,2,-0.0023683181311373734,99.0,-0.0021830907836411016
xgb_27,0.5,0.5,0.023248150031960634,0.03613682040700237,2,-0.00194973687146076,14.333333333333334,-0.0021830907836411016
xgb_25,0.5,0.25,0.023246289538662816,0.03624449723153819,2,-0.0017166383163073186,127.33333333333333,-0.0021830907836411016
xgb_09,0.25,0.25,0.02324551549906709,0.03579736923420767,2,-0.001762393196824711,14.666666666666666,-0.0021830907836411016
xgb_31,0.75,0.25,0.02324545091679316,0.035907929995574614,2,-0.0014249160940544025,13.666666666666666,-0.0021830907836411016
xgb_31,0.1,0.1,0.023242607842608214,0.0356545053228404,2,-0.002176522065887003,13.666666666666666,-0.0021830907836411016
xgb_14,0.25,0.1,0.023242457466421604,0.03464762546140743,2,-0.0022189628669613114,64.0,-0.0021830907836411016
xgb_26,0.5,0.1,0.023242303498095713,0.03615462531163833,2,-0.0018449582228301901,244.33333333333334,-0.0021830907836411016
xgb_12,0.75,0.1,0.023241885504263024,0.037137875729119946,2,-0.0020225107291556633,6.666666666666667,-0.0021830907836411016
xgb_08,0.5,0.1,0.023241419353993053,0.03608695268000212,2,-0.001707732143816412,207.33333333333334,-0.0021830907836411016
xgb_29,0.05,0.1,0.023235098045851017,0.03522497231426435,2,-0.002302257345790742,53.333333333333336,-0.0021830907836411016
xgb_06,1.0,0.25,0.02323115109492079,0.03607906038184923,2,-0.0012789712114260176,36.333333333333336,-0.0021830907836411016
xgb_06,0.25,0.25,0.02322755718099952,0.03625531325301269,2,-0.0020129096518075903,36.333333333333336,-0.0021830907836411016
xgb_06,0.25,0.5,0.02322755718099952,0.03625531325301269,2,-0.0020129096518075903,36.333333333333336,-0.0021830907836411016
xgb_23,0.75,0.5,0.023221397330113348,0.035585718743615276,2,-0.0016632767578007724,39.666666666666664,-0.0021830907836411016
xgb_10,0.75,0.1,0.023221138088478355,0.035952099568271396,2,-0.0016687599546536095,106.66666666666667,-0.0021830907836411016
xgb_28,1.0,0.1,0.023217254083265887,0.036216954744714605,2,-0.001611694724290385,30.333333333333332,-0.0021830907836411016
xgb_16,0.75,0.5,0.023204000387359643,0.03572959395381354,2,-0.0017052528980329414,99.0,-0.0021830907836411016
xgb_00,0.25,0.1,0.023200997372231722,0.03653682542955851,2,-0.0020696850741095917,34.666666666666664,-0.0021830907836411016
xgb_31,0.5,0.25,0.02318769629080077,0.035929926482259636,2,-0.0015858913480677396,13.666666666666666,-0.0021830907836411016
xgb_23,0.05,0.5,0.023187203552464616,0.035122796210792874,2,-0.002412634364097547,39.666666666666664,-0.0021830907836411016
xgb_23,0.1,0.1,0.023183197053233313,0.03516752765203546,2,-0.0024179787929333985,39.666666666666664,-0.0021830907836411016
xgb_25,0.05,0.25,0.023178763628704385,0.03552485767270579,2,-0.002331675291653049,127.33333333333333,-0.0021830907836411016
xgb_25,0.05,0.5,0.023178763628704385,0.03552485767270579,2,-0.002331675291653049,127.33333333333333,-0.0021830907836411016
xgb_11,0.1,0.25,0.023178624628925268,0.03579096602977676,2,-0.0021769013105641982,19.666666666666668,-0.0021830907836411016
xgb_25,0.25,0.1,0.02317690364523889,0.03552968789985105,2,-0.0022288938482988314,127.33333333333333,-0.0021830907836411016
xgb_23,0.25,0.1,0.023176237366945313,0.03548897154627149,2,-0.0022594842284867976,39.666666666666664,-0.0021830907836411016
xgb_16,0.05,0.25,0.02317615851569933,0.03519250505202364,2,-0.0023683181311373734,99.0,-0.0021830907836411016
xgb_27,0.5,0.25,0.023172416250479107,0.03590961906255779,2,-0.00194973687146076,14.333333333333334,-0.0021830907836411016
xgb_23,0.05,0.25,0.023169795698144063,0.03507057264783123,2,-0.002412634364097547,39.666666666666664,-0.0021830907836411016
xgb_01,1.0,0.1,0.02316688561382585,0.033674656264913075,2,-0.001444623804832123,26.666666666666668,-0.0021830907836411016
xgb_24,0.05,0.1,0.023160860451775078,0.03574011158139108,2,-0.0022467851818477208,31.0,-0.0021830907836411016
xgb_24,0.1,0.1,0.02315957052831283,0.03573624181100434,2,-0.0022467851818477208,31.0,-0.0021830907836411016
xgb_24,0.05,0.25,0.023159267829949218,0.03573533371591351,2,-0.0022467851818477208,31.0,-0.0021830907836411016
xgb_24,0.05,0.5,0.023159267829949218,0.03573533371591351,2,-0.0022467851818477208,31.0,-0.0021830907836411016
xgb_24,0.25,0.1,0.02315639474421281,0.03597551334275376,2,-0.002160990017187836,31.0,-0.0021830907836411016
xgb_25,0.1,0.1,0.02315562948335345,0.035470977562932306,2,-0.0023370197204889004,127.33333333333333,-0.0021830907836411016
xgb_00,0.05,0.1,0.023153043570633105,0.035575773311234606,2,-0.0023108623164468166,34.666666666666664,-0.0021830907836411016
xgb_05,0.5,0.25,0.02314979374211819,0.03577930765702275,2,-0.0012119878768291233,13.0,-0.0021830907836411016
xgb_31,0.5,0.5,0.0231489456126639,0.03581367444784903,2,-0.0015858913480677396,13.666666666666666,-0.0021830907836411016
xgb_20,0.5,0.1,0.02314881107638545,0.03493241601979002,2,-0.0019255256159197113,41.333333333333336,-0.0021830907836411016
xgb_24,0.5,0.1,0.02314816519491686,0.03617356481028772,2,-0.001850900704071523,31.0,-0.0021830907836411016
xgb_15,0.75,0.5,0.02313936657219583,0.03612278354994248,2,-0.0018413177191843133,9.666666666666666,-0.0021830907836411016
xgb_12,0.25,0.1,0.023139141371099195,0.03574154974162978,2,-0.0023186870131998126,6.666666666666667,-0.0021830907836411016
xgb_23,0.05,0.1,0.023136802056016276,0.03497159172144786,2,-0.002412634364097547,39.666666666666664,-0.0021830907836411016
xgb_26,1.0,0.1,0.02313198607554039,0.03609005775354004,2,-0.0017205316235933785,244.33333333333334,-0.0021830907836411016
xgb_15,0.75,0.25,0.023130120796359666,0.03609504622243398,2,-0.0018413177191843133,9.666666666666666,-0.0021830907836411016
xgb_05,0.25,0.1,0.023129439692562814,0.035294005325687924,2,-0.0021227601290075547,13.0,-0.0021830907836411016
xgb_04,0.75,0.1,0.023129128489593396,0.03588004929968498,2,-0.0015528967585285742,211.0,-0.0021830907836411016
xgb_28,0.5,0.1,0.023127384436443174,0.0354826984029265,2,-0.0019302868205796776,30.333333333333332,-0.0021830907836411016
xgb_16,0.05,0.1,0.023126154199426357,0.03504249210320473,2,-0.002319476732662117,99.0,-0.0021830907836411016
xgb_05,0.5,0.5,0.023124843744089713,0.035704457662937325,2,-0.0012119878768291233,13.0,-0.0021830907836411016
xgb_27,0.5,0.1,0.02311851571389456,0.035747917452804145,2,-0.0018979832382064667,14.333333333333334,-0.0021830907836411016
xgb_25,0.05,0.1,0.02311747223594497,0.03534098349442755,2,-0.002331675291653049,127.33333333333333,-0.0021830907836411016
xgb_28,0.75,0.1,0.023112480591943055,0.03566156268524649,2,-0.001738143857697618,30.333333333333332,-0.0021830907836411016
xgb_16,0.1,0.1,0.023109409032838438,0.03499225660344097,2,-0.002319476732662117,99.0,-0.0021830907836411016
xgb_19,0.5,0.1,0.02310909099532421,0.034178390491884494,2,-0.001929724061399727,90.0,-0.0021830907836411016
xgb_00,0.5,0.1,0.023104428390008255,0.03647960104197495,2,-0.0018234810595257967,34.666666666666664,-0.0021830907836411016
xgb_10,1.0,0.1,0.02310396741089496,0.03548176782364515,2,-0.0016156652356887644,106.66666666666667,-0.0021830907836411016
xgb_24,0.75,0.1,0.023101111629429783,0.0361562501473305,2,-0.0017556849455333725,31.0,-0.0021830907836411016
xgb_11,0.5,0.5,0.02309877917139143,0.03622940704372254,2,-0.0015442964465975824,19.666666666666668,-0.0021830907836411016
xgb_11,0.5,0.25,0.023097487482120194,0.03622940704372254,2,-0.0015442964465975824,19.666666666666668,-0.0021830907836411016
xgb_04,1.0,0.1,0.023093291323341064,0.035739563802867406,2,-0.001539418834297818,211.0,-0.0021830907836411016
xgb_15,0.5,0.1,0.023091720721337902,0.0351429120236391,2,-0.0020664869327105197,9.666666666666666,-0.0021830907836411016
xgb_26,0.75,0.1,0.023080527057445486,0.035863450615973125,2,-0.0018233408769236783,244.33333333333334,-0.0021830907836411016
xgb_07,0.75,0.1,0.02307883282309754,0.03567396181909972,2,-0.0017369965428550703,177.33333333333334,-0.0021830907836411016
xgb_31,1.0,0.5,0.023073395105572613,0.035395615915052844,2,-0.001351570908526228,13.666666666666666,-0.0021830907836411016
xgb_00,1.0,0.1,0.02307284972773105,0.03626802039683196,2,-0.0015668188587174801,34.666666666666664,-0.0021830907836411016
xgb_12,0.5,0.1,0.023071565159540147,0.0365480189268865,2,-0.0020320862012433234,6.666666666666667,-0.0021830907836411016
xgb_08,0.75,0.1,0.02306681657457439,0.0355598287230089,2,-0.0016557951696166957,207.33333333333334,-0.0021830907836411016
xgb_01,0.5,0.1,0.023055367755492353,0.03434495477955385,2,-0.0020304878177968074,26.666666666666668,-0.0021830907836411016
xgb_11,0.05,0.25,0.02305438794883467,0.03540786670763021,2,-0.002318530655607966,19.666666666666668,-0.0021830907836411016
xgb_11,0.05,0.5,0.02305438794883467,0.03540786670763021,2,-0.002318530655607966,19.666666666666668,-0.0021830907836411016
xgb_29,0.5,0.25,0.0230535386302272,0.03522864939610127,2,-0.001820492262745825,53.333333333333336,-0.0021830907836411016
xgb_29,0.5,0.5,0.0230535386302272,0.03522864939610127,2,-0.001820492262745825,53.333333333333336,-0.0021830907836411016
xgb_09,0.1,0.5,0.023053417494721274,0.035003613374922374,2,-0.0022063697234627755,14.666666666666666,-0.0021830907836411016
xgb_16,0.75,0.1,0.023053348458740703,0.03527763816795673,2,-0.0017188023245525137,99.0,-0.0021830907836411016
xgb_09,0.1,0.25,0.02304961041055344,0.03499219212241888,2,-0.0022063697234627755,14.666666666666666,-0.0021830907836411016
xgb_06,0.5,0.5,0.023045084028934678,0.035985926424173434,2,-0.0017631654517850008,36.333333333333336,-0.0021830907836411016
xgb_24,1.0,0.1,0.023038203086674352,0.03554385469240966,2,-0.0017188525112626955,31.0,-0.0021830907836411016
xgb_09,0.1,0.1,0.023029960975049436,0.03493324381590687,2,-0.002382957794329198,14.666666666666666,-0.0021830907836411016
xgb_11,0.05,0.1,0.023018834739766666,0.035301207080426195,2,-0.0023185529553176524,19.666666666666668,-0.0021830907836411016
xgb_16,1.0,0.1,0.023011844595048944,0.03546232108315656,2,-0.001641564373461683,99.0,-0.0021830907836411016
xgb_30,0.5,0.1,0.023011270897186836,0.03392641933729878,2,-0.0014961391056560623,10.666666666666666,-0.0021830907836411016
xgb_20,0.75,0.1,0.023007559911482883,0.035211642885033805,2,-0.0017878019160044178,41.333333333333336,-0.0021830907836411016
xgb_06,0.5,0.25,0.023005789481630973,0.035985926424173434,2,-0.0017631654517850008,36.333333333333336,-0.0021830907836411016
xgb_00,0.75,0.1,0.023004970058031277,0.0360507515277463,2,-0.001611606711330229,34.666666666666664,-0.0021830907836411016
xgb_31,1.0,0.25,0.023003779852217954,0.035395615915052844,2,-0.0014793614009283365,13.666666666666666,-0.0021830907836411016
xgb_31,0.5,0.1,0.02299866312228983,0.03533202916049303,2,-0.0017862204944040913,13.666666666666666,-0.0021830907836411016
xgb_05,1.0,0.1,0.022990850542851247,0.035549648571091066,2,-0.001524599643883873,13.0,-0.0021830907836411016
xgb_19,0.75,0.1,0.02298937657408121,0.03455779397964296,2,-0.0018282854200859001,90.0,-0.0021830907836411016
xgb_11,0.1,0.1,0.02297746731639121,0.03518749409217458,2,-0.0023185529553176524,19.666666666666668,-0.0021830907836411016
xgb_06,0.1,0.5,0.022973169798480308,0.03552836986677342,2,-0.002221346203215379,36.333333333333336,-0.0021830907836411016
xgb_01,0.75,0.1,0.0229536690134666,0.03381718849114675,2,-0.0017096222404026351,26.666666666666668,-0.0021830907836411016
xgb_06,0.1,0.25,0.022942169255970812,0.03543536823924494,2,-0.002221346203215379,36.333333333333336,-0.0021830907836411016
xgb_09,0.05,0.5,0.022940626515179984,0.03464969757784158,2,-0.0023453955976275097,14.666666666666666,-0.0021830907836411016
xgb_06,0.05,0.25,0.022937660058714383,0.03540114421243657,2,-0.0023315636812290615,36.333333333333336,-0.0021830907836411016
xgb_06,0.05,0.5,0.022937660058714383,0.03540114421243657,2,-0.0023315636812290615,36.333333333333336,-0.0021830907836411016
xgb_09,0.05,0.25,0.02292356262007059,0.034598505892513405,2,-0.0023453955976275097,14.666666666666666,-0.0021830907836411016
xgb_29,0.75,0.1,0.022912109250135145,0.03514153688503705,2,-0.001807721012726462,53.333333333333336,-0.0021830907836411016
xgb_08,1.0,0.1,0.02289974437936318,0.035416774460599154,2,-0.001607167351297792,207.33333333333334,-0.0021830907836411016
xgb_09,0.5,0.5,0.02289741105453372,0.03520774045193091,2,-0.0018048088293254735,14.666666666666666,-0.0021830907836411016
xgb_25,0.75,0.1,0.02288808778855345,0.03518105031727432,2,-0.0019548243502498877,127.33333333333333,-0.0021830907836411016
xgb_15,1.0,0.5,0.022886861948060066,0.03549166796850934,2,-0.0017448132058918396,9.666666666666666,-0.0021830907836411016
xgb_06,0.75,0.1,0.022878929294280276,0.03570617963246045,2,-0.001890821987034614,36.333333333333336,-0.0021830907836411016
xgb_15,1.0,0.25,0.0228776161722239,0.03546393064100084,2,-0.0017448132058918396,9.666666666666666,-0.0021830907836411016
xgb_05,0.75,0.1,0.0228748596491654,0.03484598654805175,2,-0.001542358970912926,13.0,-0.0021830907836411016
xgb_09,0.05,0.1,0.02287005026569529,0.03443796882938751,2,-0.0023374995998732564,14.666666666666666,-0.0021830907836411016
xgb_23,1.0,0.1,0.02286185154869665,0.03473853394068152,2,-0.0019514392238240894,39.666666666666664,-0.0021830907836411016
xgb_30,0.75,0.1,0.022849743049436284,0.03421566757060913,2,-0.0014464125359895776,10.666666666666666,-0.0021830907836411016
xgb_25,0.5,0.1,0.02283790185715544,0.03501933418701607,2,-0.0019009156772036666,127.33333333333333,-0.0021830907836411016
xgb_06,0.1,0.1,0.022829199147368615,0.03509645791343834,2,-0.0023315636812290615,36.333333333333336,-0.0021830907836411016
xgb_06,0.05,0.1,0.022812063532977638,0.03502435463522633,2,-0.0023315636812290615,36.333333333333336,-0.0021830907836411016
xgb_02,0.75,0.1,0.022797674912559397,0.03499837708444401,2,-0.001674468663016744,195.0,-0.0021830907836411016
xgb_23,0.5,0.5,0.02279527999607213,0.03527258095779492,2,-0.0016882443307200186,39.666666666666664,-0.0021830907836411016
xgb_23,0.75,0.25,0.02278922125243661,0.035585718743615276,2,-0.0018075236469589405,39.666666666666664,-0.0021830907836411016
xgb_15,0.75,0.1,0.02278266625730807,0.03482010995071607,2,-0.0020205699119222194,9.666666666666666,-0.0021830907836411016
xgb_09,0.25,0.1,0.022775943267114695,0.034388652538350474,2,-0.002034592155894304,14.666666666666666,-0.0021830907836411016
xgb_06,0.25,0.1,0.022754501097276895,0.03483614500184482,2,-0.0021644831338580085,36.333333333333336,-0.0021830907836411016
xgb_09,0.5,0.25,0.022753897578135607,0.034777200022736564,2,-0.0018316089391426087,14.666666666666666,-0.0021830907836411016
xgb_29,0.5,0.1,0.02275202457855179,0.03432410724107505,2,-0.0019059130173156105,53.333333333333336,-0.0021830907836411016
xgb_25,1.0,0.1,0.02271643511723609,0.035363378527703895,2,-0.0019475430931379606,127.33333333333333,-0.0021830907836411016
xgb_05,0.5,0.1,0.02271126794509887,0.0344637302659648,2,-0.0018893828344414213,13.0,-0.0021830907836411016
xgb_29,1.0,0.1,0.022702629453393436,0.03530802083995119,2,-0.0017611700434562894,53.333333333333336,-0.0021830907836411016
xgb_19,1.0,0.1,0.022690017976409894,0.034445691026491566,2,-0.0017901027214989884,90.0,-0.0021830907836411016
xgb_27,1.0,0.1,0.022681466190075408,0.0351579278189643,2,-0.001959947390485171,14.333333333333334,-0.0021830907836411016
xgb_23,0.5,0.25,0.022679565141133003,0.03492543639297754,2,-0.0016918085291183955,39.666666666666664,-0.0021830907836411016
xgb_09,0.75,0.25,0.022668603278946788,0.035723900544199376,2,-0.001618703292234773,14.666666666666666,-0.0021830907836411016
xgb_02,1.0,0.1,0.022662526611758407,0.034359295752062945,2,-0.0015568031749934178,195.0,-0.0021830907836411016
xgb_11,0.25,0.1,0.022659806142506456,0.03495300179567296,2,-0.002244577774386183,19.666666666666668,-0.0021830907836411016
xgb_09,0.75,0.5,0.022651096607234855,0.03567138052906357,2,-0.0015656080522139838,14.666666666666666,-0.0021830907836411016
xgb_27,0.75,0.1,0.022639074014627707,0.03522629304936437,2,-0.0017720689896905787,14.333333333333334,-0.0021830907836411016
xgb_23,0.5,0.1,0.02262601215741232,0.034537116656385786,2,-0.002038105293999715,39.666666666666664,-0.0021830907836411016
xgb_09,1.0,0.5,0.022579877620661246,0.03564094945995116,2,-0.0012271109360423504,14.666666666666666,-0.0021830907836411016
xgb_15,1.0,0.1,0.022548210688345144,0.03427383545961653,2,-0.0019771001683423373,9.666666666666666,-0.0021830907836411016
xgb_31,0.75,0.1,0.022530423362973718,0.03504943273966062,2,-0.0017155308824213277,13.666666666666666,-0.0021830907836411016
xgb_09,1.0,0.25,0.022491658686763828,0.0353762926582589,2,-0.0012579967516837848,14.666666666666666,-0.0021830907836411016
xgb_09,0.5,0.1,0.022422661800342848,0.03378349268935829,2,-0.001857361038126327,14.666666666666666,-0.0021830907836411016
xgb_20,1.0,0.1,0.022302186338219204,0.034368973464113384,2,-0.0018110408807008639,41.333333333333336,-0.0021830907836411016
xgb_11,0.75,0.1,0.022282269492210276,0.03404327484578558,2,-0.0019929999284906837,19.666666666666668,-0.0021830907836411016
xgb_11,0.5,0.1,0.022265428516335714,0.03420468882212106,2,-0.0020286471102338812,19.666666666666668,-0.0021830907836411016
xgb_31,1.0,0.1,0.02216765026931976,0.03358992293375979,2,-0.0017236342377687272,13.666666666666666,-0.0021830907836411016
xgb_06,0.5,0.1,0.02216330017976864,0.03399433353398556,2,-0.0019609374558711827,36.333333333333336,-0.0021830907836411016
xgb_23,0.75,0.1,0.022041854690827867,0.033263690576984896,2,-0.002110483628438639,39.666666666666664,-0.0021830907836411016
xgb_06,1.0,0.1,0.02201929516440231,0.03353009892256414,2,-0.001847800521249442,36.333333333333336,-0.0021830907836411016
xgb_11,1.0,0.1,0.021972699714793504,0.03361087292850358,2,-0.0021324172726720357,19.666666666666668,-0.0021830907836411016
xgb_09,0.75,0.1,0.02194296670045354,0.03355214438530178,2,-0.0019408715182157282,14.666666666666666,-0.0021830907836411016
xgb_09,1.0,0.1,0.02182783066525777,0.033444481585744534,2,-0.001801851630735327,14.666666666666666,-0.0021830907836411016
