family,mode,alpha,year,n,qlike,base_qlike,relative_gain,dm_t,dm_p,mean_multiplier,p95_multiplier,share_amplified
legacy,two_sided,1.0,2019,4411,0.5436868288876358,0.5690285559041661,0.04453507078614581,-1.4974543342333566,0.1342750794379024,1.1305174303180803,1.210670111224234,0.8145545227839492
legacy,two_sided,1.0,2020,4118,1.8902760615415997,2.0549804052248644,0.08014886334901188,-1.9716269386876433,0.0486522096290507,1.1070986809566272,1.2053282164180696,0.665857212238951
legacy,two_sided,1.0,2021,3780,0.449389374614663,0.4761427923157888,0.056187803601954654,-2.2028067637504045,0.027608371246616414,1.080630649834522,1.1942525712578413,0.5259259259259259
legacy,two_sided,1.0,2022,3937,0.3476106400155579,0.3917573677340429,0.11268895330248241,-2.714607138630233,0.0066354433339377294,1.1313836560970756,1.2348803018586973,0.745745491490983
legacy,two_sided,1.0,2023,3874,0.42489923252607276,0.4260930833025401,0.002801854391097116,-0.03479356305973997,0.9722443534596845,1.1712998273569581,1.2529397607121109,0.8905524006195147
legacy,amplify_only,1.0,2019,4411,0.5436868288876358,0.5690285559041661,0.04453507078614581,-1.4974543342333566,0.1342750794379024,1.1305174303180803,1.210670111224234,0.8145545227839492
legacy,amplify_only,1.0,2020,4118,1.8902760615415997,2.0549804052248644,0.08014886334901188,-1.9716269386876433,0.0486522096290507,1.1070986809566272,1.2053282164180696,0.665857212238951
legacy,amplify_only,1.0,2021,3780,0.449389374614663,0.4761427923157888,0.056187803601954654,-2.2028067637504045,0.027608371246616414,1.080630649834522,1.1942525712578413,0.5259259259259259
legacy,amplify_only,1.0,2022,3937,0.3476106400155579,0.3917573677340429,0.11268895330248241,-2.714607138630233,0.0066354433339377294,1.1313836560970756,1.2348803018586973,0.745745491490983
legacy,amplify_only,1.0,2023,3874,0.42489923252607276,0.4260930833025401,0.002801854391097116,-0.03479356305973997,0.9722443534596845,1.1712998273569581,1.2529397607121109,0.8905524006195147
legacy+sentiment,two_sided,1.0,2019,4411,0.5441789693304941,0.5690285559041661,0.04367019249884018,-1.4290125236606344,0.15300063392178442,1.1356402750905283,1.2186259399003587,0.8145545227839492
legacy+sentiment,two_sided,1.0,2020,4118,1.884438632208345,2.0549804052248644,0.08298948865055378,-1.9335834933982983,0.053164358382330246,1.113293449166055,1.2163187012793615,0.665857212238951
legacy+sentiment,two_sided,1.0,2021,3780,0.449683807110157,0.4761427923157888,0.05556943344021814,-2.0724575953306754,0.03822278690696934,1.0867143375814696,1.2102663851258286,0.5259259259259259
legacy+sentiment,two_sided,1.0,2022,3937,0.34782122050713193,0.3917573677340429,0.11215142546275847,-2.6099712547786176,0.009054983105853509,1.1386952518040807,1.2379320624479304,0.745745491490983
legacy+sentiment,two_sided,1.0,2023,3874,0.42500081311867516,0.4260930833025401,0.0025634543874756633,-0.031314468978008714,0.9750187514913395,1.173568609815285,1.2528371063014043,0.8905524006195147
legacy+sentiment,amplify_only,1.0,2019,4411,0.5441789693304941,0.5690285559041661,0.04367019249884018,-1.4290125236606344,0.15300063392178442,1.1356402750905283,1.2186259399003587,0.8145545227839492
legacy+sentiment,amplify_only,1.0,2020,4118,1.884438632208345,2.0549804052248644,0.08298948865055378,-1.9335834933982983,0.053164358382330246,1.113293449166055,1.2163187012793615,0.665857212238951
legacy+sentiment,amplify_only,1.0,2021,3780,0.449683807110157,0.4761427923157888,0.05556943344021814,-2.0724575953306754,0.03822278690696934,1.0867143375814696,1.2102663851258286,0.5259259259259259
legacy+sentiment,amplify_only,1.0,2022,3937,0.34782122050713193,0.3917573677340429,0.11215142546275847,-2.6099712547786176,0.009054983105853509,1.1386952518040807,1.2379320624479304,0.745745491490983
legacy+sentiment,amplify_only,1.0,2023,3874,0.42500081311867516,0.4260930833025401,0.0025634543874756633,-0.031314468978008714,0.9750187514913395,1.173568609815285,1.2528371063014043,0.8905524006195147
legacy+source,two_sided,10.0,2019,4411,0.5429520439881557,0.5690285559041661,0.045826367842956156,-1.8285012958733717,0.06747435136671598,1.1050496719509224,1.17892425837993,0.8145545227839492
legacy+source,two_sided,10.0,2020,4118,1.887869971784776,2.0549804052248644,0.0813197211103346,-1.8965807670844943,0.057883290958865574,1.0945685413778707,1.2034117134995048,0.665857212238951
legacy+source,two_sided,10.0,2021,3780,0.44946474757601645,0.4761427923157888,0.056029504531655026,-2.4106762958045915,0.015922973755164715,1.0712278565217563,1.1617399624388034,0.5259259259259259
legacy+source,two_sided,10.0,2022,3937,0.3485803919464867,0.3917573677340429,0.11021356416931072,-3.023496774557059,0.002498716924398403,1.112472219470335,1.1935600953290006,0.745745491490983
legacy+source,two_sided,10.0,2023,3874,0.41855696002293546,0.4260930833025401,0.0176865656236286,-0.40685599755510904,0.6841137557408756,1.1468997741632951,1.2242657389840959,0.8905524006195147
legacy+source,amplify_only,10.0,2019,4411,0.5429520439881557,0.5690285559041661,0.045826367842956156,-1.8285012958733717,0.06747435136671598,1.1050496719509224,1.17892425837993,0.8145545227839492
legacy+source,amplify_only,10.0,2020,4118,1.887869971784776,2.0549804052248644,0.0813197211103346,-1.8965807670844943,0.057883290958865574,1.0945685413778707,1.2034117134995048,0.665857212238951
legacy+source,amplify_only,10.0,2021,3780,0.44946474757601645,0.4761427923157888,0.056029504531655026,-2.4106762958045915,0.015922973755164715,1.0712278565217563,1.1617399624388034,0.5259259259259259
legacy+source,amplify_only,10.0,2022,3937,0.3485803919464867,0.3917573677340429,0.11021356416931072,-3.023496774557059,0.002498716924398403,1.112472219470335,1.1935600953290006,0.745745491490983
legacy+source,amplify_only,10.0,2023,3874,0.41855696002293546,0.4260930833025401,0.0176865656236286,-0.40685599755510904,0.6841137557408756,1.1468997741632951,1.2242657389840959,0.8905524006195147
legacy+events,two_sided,1.0,2019,4411,0.5433764955113246,0.5690285559041661,0.04508044478028225,-1.5188186805236037,0.1288081424520069,1.1304527206761736,1.2298159040389463,0.8145545227839492
legacy+events,two_sided,1.0,2020,4118,1.8939470968556646,2.0549804052248644,0.07836245443497492,-1.9584302754303669,0.05017954512405032,1.1089032538114565,1.2296340351545791,0.665857212238951
legacy+events,two_sided,1.0,2021,3780,0.4498907692120716,0.4761427923157888,0.0551347695006297,-2.0174092833686252,0.04365281928225495,1.0891254411133442,1.2314319794045934,0.5259259259259259
legacy+events,two_sided,1.0,2022,3937,0.34820673687787285,0.3917573677340429,0.11116735623396318,-2.4915178633346233,0.01271985706903389,1.1439775094317395,1.2555213700969952,0.745745491490983
legacy+events,two_sided,1.0,2023,3874,0.42554125063221154,0.4260930833025401,0.0012950988691283812,-0.009416407546475788,0.9924869048300393,1.178917117371462,1.2683976942170585,0.8905524006195147
legacy+events,amplify_only,1.0,2019,4411,0.5433764955113246,0.5690285559041661,0.04508044478028225,-1.5188186805236037,0.1288081424520069,1.1304527206761736,1.2298159040389463,0.8145545227839492
legacy+events,amplify_only,1.0,2020,4118,1.8939470968556646,2.0549804052248644,0.07836245443497492,-1.9584302754303669,0.05017954512405032,1.1089032538114565,1.2296340351545791,0.665857212238951
legacy+events,amplify_only,1.0,2021,3780,0.4498907692120716,0.4761427923157888,0.0551347695006297,-2.0174092833686252,0.04365281928225495,1.0891254411133442,1.2314319794045934,0.5259259259259259
legacy+events,amplify_only,1.0,2022,3937,0.34820673687787285,0.3917573677340429,0.11116735623396318,-2.4915178633346233,0.01271985706903389,1.1439775094317395,1.2555213700969952,0.745745491490983
legacy+events,amplify_only,1.0,2023,3874,0.42554125063221154,0.4260930833025401,0.0012950988691283812,-0.009416407546475788,0.9924869048300393,1.178917117371462,1.2683976942170585,0.8905524006195147
legacy+source+events,two_sided,10.0,2019,4411,0.5426580873297001,0.5690285559041661,0.04634296170350234,-1.8274454030076868,0.06763282805083803,1.1061459622749306,1.1807789678944378,0.8145545227839492
legacy+source+events,two_sided,10.0,2020,4118,1.8881291892831602,2.0549804052248644,0.08119358000566755,-1.8976576221371773,0.05774119846121706,1.095650245917871,1.206585357034391,0.665857212238951
legacy+source+events,two_sided,10.0,2021,3780,0.44926949459300564,0.4761427923157888,0.05643957685903643,-2.3645781283643372,0.018050619598707573,1.0737282209994043,1.1683201605201445,0.5259259259259259
legacy+source+events,two_sided,10.0,2022,3937,0.3482492588121001,0.3917573677340429,0.11105881472911996,-2.9590606617968467,0.0030857835164668224,1.116326103451296,1.1996825004065776,0.745745491490983
legacy+source+events,two_sided,10.0,2023,3874,0.4187320318933682,0.4260930833025401,0.017275688570483744,-0.38926784601195663,0.6970780193788451,1.1498984795744782,1.227266636235625,0.8905524006195147
legacy+source+events,amplify_only,10.0,2019,4411,0.5426580873297001,0.5690285559041661,0.04634296170350234,-1.8274454030076868,0.06763282805083803,1.1061459622749306,1.1807789678944378,0.8145545227839492
legacy+source+events,amplify_only,10.0,2020,4118,1.8881291892831602,2.0549804052248644,0.08119358000566755,-1.8976576221371773,0.05774119846121706,1.095650245917871,1.206585357034391,0.665857212238951
legacy+source+events,amplify_only,10.0,2021,3780,0.44926949459300564,0.4761427923157888,0.05643957685903643,-2.3645781283643372,0.018050619598707573,1.0737282209994043,1.1683201605201445,0.5259259259259259
legacy+source+events,amplify_only,10.0,2022,3937,0.3482492588121001,0.3917573677340429,0.11105881472911996,-2.9590606617968467,0.0030857835164668224,1.116326103451296,1.1996825004065776,0.745745491490983
legacy+source+events,amplify_only,10.0,2023,3874,0.4187320318933682,0.4260930833025401,0.017275688570483744,-0.38926784601195663,0.6970780193788451,1.1498984795744782,1.227266636235625,0.8905524006195147
legacy+expanded,two_sided,10.0,2019,4411,0.542700965568088,0.5690285559041661,0.04626760829998157,-1.7665059037823136,0.07731101198179613,1.1112998445038913,1.190546587285052,0.8145545227839492
legacy+expanded,two_sided,10.0,2020,4118,1.8843668628949617,2.0549804052248644,0.08302441322365477,-1.883542444909418,0.0596268933469275,1.1002681497649116,1.2160252078947875,0.665857212238951
legacy+expanded,two_sided,10.0,2021,3780,0.4493258894330805,0.4761427923157888,0.056321135834652605,-2.279729045906775,0.022623763504069805,1.0776614191655463,1.180523994777215,0.5259259259259259
legacy+expanded,two_sided,10.0,2022,3937,0.3479332965094464,0.3917573677340429,0.1118653402183055,-2.872176900101308,0.004076546997613395,1.1223380823328275,1.2080268289968297,0.745745491490983
legacy+expanded,two_sided,10.0,2023,3874,0.4191668099666753,0.4260930833025401,0.01625530572376572,-0.35896020857917066,0.7196248570546946,1.1533340245486383,1.2297261241096893,0.8905524006195147
legacy+expanded,amplify_only,10.0,2019,4411,0.542700965568088,0.5690285559041661,0.04626760829998157,-1.7665059037823136,0.07731101198179613,1.1112998445038913,1.190546587285052,0.8145545227839492
legacy+expanded,amplify_only,10.0,2020,4118,1.8843668628949617,2.0549804052248644,0.08302441322365477,-1.883542444909418,0.0596268933469275,1.1002681497649116,1.2160252078947875,0.665857212238951
legacy+expanded,amplify_only,10.0,2021,3780,0.4493258894330805,0.4761427923157888,0.056321135834652605,-2.279729045906775,0.022623763504069805,1.0776614191655463,1.180523994777215,0.5259259259259259
legacy+expanded,amplify_only,10.0,2022,3937,0.3479332965094464,0.3917573677340429,0.1118653402183055,-2.872176900101308,0.004076546997613395,1.1223380823328275,1.2080268289968297,0.745745491490983
legacy+expanded,amplify_only,10.0,2023,3874,0.4191668099666753,0.4260930833025401,0.01625530572376572,-0.35896020857917066,0.7196248570546946,1.1533340245486383,1.2297261241096893,0.8905524006195147
attention,two_sided,0.1,2019,4411,0.5451077932572015,0.5690285559041661,0.04203789493297993,-1.0637879675026556,0.2874247633861038,1.1719174661160408,1.245141576476951,0.9968261165268647
attention,two_sided,0.1,2020,4118,1.388015226260045,2.0549804052248644,0.32456035944140177,-1.4288795973764337,0.15303884249601118,1.2221719534124573,1.4935764733679942,0.9995143273433705
attention,two_sided,0.1,2021,3780,0.47971092037719404,0.4761427923157888,-0.007493819331068974,0.11899677411999376,0.9052779115022607,1.2628785168083043,1.4935764733679942,0.9997354497354497
attention,two_sided,0.1,2022,3937,0.35023947860198723,0.3917573677340429,0.10597857896636019,-1.5849705124347042,0.11297303413878912,1.2314449087521826,1.4935764733679942,0.9951739903479807
attention,two_sided,0.1,2023,3874,0.4246874449791298,0.4260930833025401,0.0032988996500847587,-0.048306471992888934,0.9614719966728944,1.1838713553877003,1.4935764733679942,0.958957150232318
attention,amplify_only,0.1,2019,4411,0.5451870422301038,0.5690285559041661,0.041898624289916295,-1.059932649937705,0.2891752406093724,1.1720329702496108,1.245141576476951,0.9968261165268647
attention,amplify_only,0.1,2020,4118,1.388047665192958,2.0549804052248644,0.32454457392207,-1.4288149798957934,0.15305741888439828,1.2221895389977848,1.4935764733679942,0.9995143273433705
attention,amplify_only,0.1,2021,3780,0.47969231043988236,0.4761427923157888,-0.007454734548915361,0.11838268126042467,0.9057644476302666,1.2628939196110454,1.4935764733679942,0.9997354497354497
attention,amplify_only,0.1,2022,3937,0.3497924723127525,0.3917573677340429,0.1071196073835671,-1.5948398947875795,0.1107480432004666,1.2316347637764475,1.4935764733679942,0.9951739903479807
attention,amplify_only,0.1,2023,3874,0.4246192403620796,0.4260930833025401,0.0034589694088369262,-0.0506582869922423,0.9595978161025926,1.1870979773975259,1.4935764733679942,0.958957150232318
attention+sentiment,two_sided,0.1,2019,4411,0.5450246747469712,0.5690285559041661,0.04218396582760871,-1.069998450890407,0.28462000599746595,1.170762527536877,1.254747953814742,0.9943323509408297
attention+sentiment,two_sided,0.1,2020,4118,1.3863810852067777,2.0549804052248644,0.3253555694828758,-1.4301930136571304,0.1526616300418948,1.2218699855051174,1.4895924038212083,0.9990286546867412
attention+sentiment,two_sided,0.1,2021,3780,0.4791749707931396,0.4761427923157888,-0.00636821249063402,0.10103927540163975,0.9195192824311325,1.2622071680100324,1.4895924038212083,0.9994708994708995
attention+sentiment,two_sided,0.1,2022,3937,0.3508928238497106,0.3917573677340429,0.10431084964833262,-1.5607564810092578,0.11858121914819453,1.2307835355734853,1.4895924038212083,0.9900939801879604
attention+sentiment,two_sided,0.1,2023,3874,0.42526476912649375,0.4260930833025401,0.0019439747053068461,-0.025762479595392605,0.9794467888540321,1.179457736807662,1.4895924038212083,0.9445018069179143
attention+sentiment,amplify_only,0.1,2019,4411,0.5451662260035082,0.5690285559041661,0.041935206332029434,-1.0632593977246358,0.2876643325510426,1.1709688277440318,1.254747953814742,0.9943323509408297
attention+sentiment,amplify_only,0.1,2020,4118,1.3863888174661363,2.0549804052248644,0.32535180679037573,-1.4301742887246864,0.15266700285663237,1.2219029608519774,1.4895924038212083,0.9990286546867412
attention+sentiment,amplify_only,0.1,2021,3780,0.4791564132705083,0.4761427923157888,-0.0063292377903323635,0.10042631501853362,0.9200058790052159,1.2622225485943188,1.4895924038212083,0.9994708994708995
attention+sentiment,amplify_only,0.1,2022,3937,0.35027532741416806,0.3917573677340429,0.10588707127529064,-1.5752337505766956,0.11520249946105143,1.2311564387060823,1.4895924038212083,0.9900939801879604
attention+sentiment,amplify_only,0.1,2023,3874,0.4245694523589467,0.4260930833025401,0.0035758171237704416,-0.05312174106475401,0.9576349090430489,1.184175654998136,1.4895924038212083,0.9445018069179143
attention+source,two_sided,10.0,2019,4411,0.544103023490587,0.5690285559041661,0.04380365827857849,-1.674505810674453,0.0940312333817157,1.1117853823029167,1.1894549688138367,1.0
attention+source,two_sided,10.0,2020,4118,1.8039590247987003,2.0549804052248644,0.12215268806842773,-2.2420916524006533,0.024955449400520413,1.1071882316309465,1.2104415487502884,1.0
attention+source,two_sided,10.0,2021,3780,0.4422734961110716,0.4761427923157888,0.07113264497817777,-2.5257570946796775,0.011544927413529305,1.088422658951084,1.1611441302150967,1.0
attention+source,two_sided,10.0,2022,3937,0.341437298700668,0.3917573677340429,0.1284470265981986,-3.0578629599093907,0.0022292149522176175,1.1304464407433519,1.236664129178404,1.0
attention+source,two_sided,10.0,2023,3874,0.42672735368005116,0.4260930833025401,-0.0014885723386894724,0.05992285938685943,0.952217073449046,1.176230605908576,1.3078972825490676,1.0
attention+source,amplify_only,10.0,2019,4411,0.544103023490587,0.5690285559041661,0.04380365827857849,-1.674505810674453,0.0940312333817157,1.1117853823029167,1.1894549688138367,1.0
attention+source,amplify_only,10.0,2020,4118,1.8039590247987003,2.0549804052248644,0.12215268806842773,-2.2420916524006533,0.024955449400520413,1.1071882316309465,1.2104415487502884,1.0
attention+source,amplify_only,10.0,2021,3780,0.4422734961110716,0.4761427923157888,0.07113264497817777,-2.5257570946796775,0.011544927413529305,1.088422658951084,1.1611441302150967,1.0
attention+source,amplify_only,10.0,2022,3937,0.341437298700668,0.3917573677340429,0.1284470265981986,-3.0578629599093907,0.0022292149522176175,1.1304464407433519,1.236664129178404,1.0
attention+source,amplify_only,10.0,2023,3874,0.42672735368005116,0.4260930833025401,-0.0014885723386894724,0.05992285938685943,0.952217073449046,1.176230605908576,1.3078972825490676,1.0
attention+events,two_sided,0.1,2019,4411,0.5442794502173175,0.5690285559041661,0.043493609292635904,-1.129878654301032,0.258527359556743,1.168647916925361,1.2975908312607927,0.9943323509408297
attention+events,two_sided,0.1,2020,4118,1.3979646678184874,2.0549804052248644,0.3197187358749942,-1.4095074786908046,0.1586851636285851,1.220208948089544,1.4945148864832003,0.9973288003885381
attention+events,two_sided,0.1,2021,3780,0.4816952953997691,0.4761427923157888,-0.011661424206328647,0.1837788808563507,0.8541869245710418,1.2684211605473772,1.4945148864832003,0.9997354497354497
attention+events,two_sided,0.1,2022,3937,0.3532307775647075,0.3917573677340429,0.09834298814129878,-1.436103385726983,0.15097292483483749,1.2390248672997417,1.4945148864832003,0.9895859791719583
attention+events,two_sided,0.1,2023,3874,0.42311210214828104,0.4260930833025401,0.006996079662110941,-0.12301144704339403,0.9020980333834097,1.1759233928674286,1.4945148864832003,0.9326277749096541
attention+events,amplify_only,0.1,2019,4411,0.5444255158282747,0.5690285559041661,0.043236916356153815,-1.122545873209237,0.26163041444240864,1.1688891813904692,1.2975908312607927,0.9943323509408297
attention+events,amplify_only,0.1,2020,4118,1.39788485617678,2.0549804052248644,0.3197575740271753,-1.4096532984879884,0.1586420809164628,1.220284062370753,1.4945148864832003,0.9973288003885381
attention+events,amplify_only,0.1,2021,3780,0.4816944639217872,0.4761427923157888,-0.011659677927701156,0.1837513477862275,0.854208524967538,1.2684217705042593,1.4945148864832003,0.9997354497354497
attention+events,amplify_only,0.1,2022,3937,0.3525128296863868,0.3917573677340429,0.10017562215779056,-1.4556200148176417,0.1454976919981532,1.2393906469572928,1.4945148864832003,0.9895859791719583
attention+events,amplify_only,0.1,2023,3874,0.42264261588326196,0.4260930833025401,0.00809791933850327,-0.1405869327677155,0.8881962718438079,1.1807915295856317,1.4945148864832003,0.9326277749096541
expanded_all,two_sided,10.0,2019,4411,0.5434359016480121,0.5690285559041661,0.04497604556152399,-1.642721967397885,0.10044047156736324,1.1180524537676857,1.1977719903024406,1.0
expanded_all,two_sided,10.0,2020,4118,1.7992776128900403,2.0549804052248644,0.12443076911326754,-2.2337194605162667,0.02550153771829322,1.1131853276198804,1.219576085823498,1.0
expanded_all,two_sided,10.0,2021,3780,0.44212292773434925,0.4761427923157888,0.07144887023487026,-2.405051276607368,0.016170196716284613,1.095188005380867,1.1818350333137226,1.0
expanded_all,two_sided,10.0,2022,3937,0.34086232344791234,0.3917573677340429,0.12991470863844048,-2.9230967099682466,0.0034656885517909686,1.1400128418099271,1.2385766831640805,1.0
expanded_all,two_sided,10.0,2023,3874,0.425516138964883,0.4260930833025401,0.0013540335674668608,-0.001928120331647809,0.9984615835092234,1.1790807138190074,1.2961171582786104,1.0
expanded_all,amplify_only,10.0,2019,4411,0.5434359016480121,0.5690285559041661,0.04497604556152399,-1.642721967397885,0.10044047156736324,1.1180524537676857,1.1977719903024406,1.0
expanded_all,amplify_only,10.0,2020,4118,1.7992776128900403,2.0549804052248644,0.12443076911326754,-2.2337194605162667,0.02550153771829322,1.1131853276198804,1.219576085823498,1.0
expanded_all,amplify_only,10.0,2021,3780,0.44212292773434925,0.4761427923157888,0.07144887023487026,-2.405051276607368,0.016170196716284613,1.095188005380867,1.1818350333137226,1.0
expanded_all,amplify_only,10.0,2022,3937,0.34086232344791234,0.3917573677340429,0.12991470863844048,-2.9230967099682466,0.0034656885517909686,1.1400128418099271,1.2385766831640805,1.0
expanded_all,amplify_only,10.0,2023,3874,0.425516138964883,0.4260930833025401,0.0013540335674668608,-0.001928120331647809,0.9984615835092234,1.1790807138190074,1.2961171582786104,1.0
